ProductID,ProductName,ProductGroupID,Description,Manufacturer,SupplierID,Price,StockQuantity,WarrantyPeriod,ReturnPolicy
0e675797-1c5e-4205-8d61-d72630091ada,occur,ac92c55f-2409-4126-8155-2544bd306ee0,Blue including number create fine.,"Thompson, Wong and Sanchez",7b202752-9550-46af-b5ec-5e3e90358103,960,66,4 years,Watch instead pull various between.
9aab450b-5496-4731-a90f-60dc41f5ea86,alone,1b01cb0b-683c-452d-929f-5f6727e8bb07,Easy room find allow.,Gallegos-Cook,9fad0d33-d322-4ec6-856b-950d95013c22,684,47,1 years,Argue red discover arrive.
c86b4807-9694-4fcd-9075-f21be50da25d,stage,78185b0a-b0a4-4992-8725-553e9b33228f,Score mean economy.,Golden-Sullivan,86804891-3683-4847-8c44-4bae87fc8244,837,64,4 years,Learn central recent.
51b06840-1448-4037-ad18-a5d5b2e51e38,space,87f34488-8915-4a00-b320-108328ee2db2,Article create several sense.,"Vazquez, Higgins and Sanchez",8a0fb7ea-fae4-446e-abb2-e84a856462cd,561,48,2 years,Let of join conference.
dc498070-1c7f-4772-9733-d8ecbff58b7a,candidate,66c7ca84-c5da-40b3-9279-6c39b9828708,Professor out blood may table join.,Doyle-Holmes,40866def-89a0-41a6-a81d-b422cfda18f7,571,39,3 years,Then trade hold smile during cup.
7afa8bd6-9cf9-4fb5-a61d-f940dc71f1ec,area,29f68909-1a76-4c66-ad79-eeca99f3f30a,Reason out rather general structure power.,Hayes-Walker,f61024e6-c324-49eb-83f1-7a41f6c77578,581,32,1 years,Establish ahead do.
c01c1c23-d93f-4f00-b1dc-070c5386e774,foreign,6c06c941-bbb5-4a4d-bdcd-fdcf2f221407,View whole series remain.,"Hall, Caldwell and Juarez",49dcdc4d-9e6e-4f2d-8cc0-6aa2b7883d05,637,44,3 years,Old happen big president.
3ab4fd1f-c516-444d-9d14-4d6696d59f9d,detail,9fed0b69-2cc7-468a-80a3-5701d1ba180f,Travel attack father perform house.,Martinez and Sons,c22bb20a-e935-4977-baaf-e23b3f368c13,267,97,2 years,Activity believe behind method box talk customer young.
c0105cab-2924-4206-b021-5df1e0615dd6,institution,b54c0294-9383-4680-aa4a-69cec46d765c,War organization edge dinner.,"Gibson, Casey and Huber",8019697b-0b26-4b8d-af4d-74e659b46e27,475,18,3 years,Lose subject court oil.
f0106491-bfff-4cc6-a8f8-d698bab59523,performance,9db9a782-7664-4ec6-9d44-15087707dfab,Among senior receive one early hour play.,Taylor Inc,066652d3-d16b-4efc-ad50-55f602e002e9,876,73,3 years,Laugh business unit south arm.
8e5d82cd-ede9-4f29-9283-8af40e4a9091,such,1195878d-b590-4924-8bf3-6f1166462941,Toward by class study until window.,Weaver-Galvan,a143b0e0-2558-4554-a5d0-9d26b854b409,163,45,1 years,Either yet which difficult along body himself.
5d017ecf-f591-4e12-9589-32f6de270f18,task,8102f0b7-d975-4781-90cd-b5e1f6d819a7,Grow his beautiful identify do energy admit.,Hayes-Cooper,e76beaea-ee39-4b2f-8818-235f93ff829f,116,53,2 years,The per me manager interesting analysis.
b52d201c-bf2f-49b7-9a56-51e0144f15e9,itself,a6678f00-81f2-4c75-be28-d843e1c1074f,Republican front itself final interview agent father natural.,"Cruz, Calderon and Good",bf9e2fb8-8d0b-4fd5-ae12-ab652629d973,609,91,5 years,Small certain direction discuss present check.
2cdd8319-7ff5-40fa-9181-da67c6c50de1,space,b80e38a8-39a1-437b-87cf-098e0575fcde,Only especially toward firm matter.,Cruz-Freeman,2da7b6a2-17a1-445c-b1aa-1fd0a3f68056,471,86,4 years,Sing section task simply school boy.
c32d6a99-8a9f-43f6-842b-34cbf89deaf5,agent,dac50cd7-dfa8-416c-8d49-a791d9a6fba5,Entire age clear discuss organization commercial.,"Schaefer, Allen and Roberts",f4a9cea0-8877-4639-9fca-e8769dd8cf18,840,6,5 years,Door home material forward site western.
74672d34-8e5a-4dd7-8a8d-41e613b481b7,pick,18d7905f-7dec-46a3-adf9-692dc361b85e,Recent white watch American.,Larson and Sons,57876658-191a-4794-a072-d42f610e5baf,72,7,2 years,Indeed north commercial analysis resource.
f9a47567-e1e7-4f88-b69d-964e7199b647,bill,cb570894-b314-4ba6-b4fb-3362dd6e4df2,Coach two hold market stop need her.,Cook-Kelley,cd53c8ed-6248-42f9-b821-02067c5d1f97,847,1,5 years,Answer help any learn person lose exist.
75e87fa5-5ba6-43c3-a270-ab0b97ea1fcf,American,53e43ef3-2fe0-4b6c-989b-8baa2d66f0df,Likely smile ground break finally.,Randall Ltd,b36e661f-25d3-4663-a083-580144adf03c,527,4,3 years,Difficult control mention night four find.
69d1c6d6-6a61-41c3-9dcc-bc35a42b7e84,money,3e5e8a30-b88d-42d9-9fe3-7ba37c166b9e,Run protect manager.,"Shields, Holt and Martinez",db286767-ea90-4c6f-b205-9181ac28ffc8,249,2,1 years,Majority receive interesting.
a70cdf88-19e8-4dd1-9356-addb34703cc4,today,70f75b2c-f96a-4a5e-a4e7-784e65536f28,Character yes side along have study be.,"Landry, Gomez and Powell",c278b95d-1302-4c3a-b573-6505dff38307,671,34,1 years,Small center build road prepare range summer.
3328dfd2-1a68-4e78-802d-f6bf2d29f776,friend,95bbbc20-651c-4acf-87a8-71ba14acee0b,Thousand far happy appear others paper.,Brown-Franklin,9525bf94-1e7e-4712-9e4b-0631cdd898d1,252,73,1 years,Impact still best option feel.
68fb2f58-cea6-4dd1-a6af-371767f3f17b,happen,4ff6add9-88ac-4755-ba82-0f0647e95607,Put wonder have American something.,Ramirez Inc,8594b13d-d38e-4eb3-93d8-f18129bff8cd,834,34,4 years,Stage cultural available position know ground list.
75172c8a-dc82-4989-aff8-d6ea79a77c49,yet,3dd21f44-df97-462b-b9a8-b6e32cfa15da,Then property safe school.,George-Allen,1654ff51-a356-4ef3-9ed5-42c19a67a7e7,352,81,1 years,Not fish economy strong month government notice anyone.
87dd02fb-9030-40a4-a620-7f361f08d89a,change,ed5d2821-6885-47db-a655-d926b7011527,Perform threat news soon just where job.,Parker PLC,2fd0e0bc-fb08-42cc-8159-b4ecee185ec6,757,52,3 years,Data memory serious of all.
da823c23-55ee-452d-bf94-e6b4cf47f41c,less,80777b51-bbf5-45c4-af40-81ce826f5b58,Way ability born imagine.,Bond-Wilkinson,d6646a8d-fe14-434e-a3a9-02276cfe6d73,969,32,4 years,Full fall trouble story serve.
8aa90068-c87c-4fb8-81b3-0aeeb5d69e8b,guess,af86c929-f9d0-459b-a726-f1eaa9a0e5fe,Lawyer seem trouble all enough reflect easy just.,"Chambers, Rodgers and Medina",fcd492b8-b0e3-41d8-85c1-8d6e24cf5d8d,430,67,3 years,Fill change present get.
64ef238e-ce6a-41f3-9cfb-1c4f8cd09ef4,security,90a3b01a-2696-4048-8721-128cfc889a3f,Quite trial available wall process rich.,Rubio Group,bfe20832-c18b-4eeb-b5f9-c5019e61ad27,951,57,4 years,Couple perform when place door resource.
7b2f2783-de9e-44fb-9e96-fd6a22b4e7a1,quickly,af86c929-f9d0-459b-a726-f1eaa9a0e5fe,Series international artist assume democratic over style truth.,"Mcgee, Huff and Lamb",575c4bd8-5878-4d15-87fa-8793176ea031,576,64,3 years,Able factor determine use house.
6e2cf760-dfcd-43fc-b6db-26c911814a98,suffer,2d976bb0-8b05-449d-a7ff-4055bad6293a,Issue speak bed statement second.,Huang-Obrien,c4261b2d-38b5-4a60-b66c-c9d7851b47b8,27,76,5 years,Race turn from time down.
a02cab18-2e7e-4c95-8042-5b38e33930aa,here,c0ce3381-41d6-4b65-8272-f92485c8a2d4,Her those example girl born wear off.,Jackson Inc,221cdf18-feaf-47f3-884d-e30c4baf53cf,702,76,4 years,My recent able allow discover decision.
c992e497-ece3-4720-8b3d-3f3bee6004e7,understand,d7595ec7-608f-4143-9bf7-1f106802d529,Agree they rock despite.,"Calderon, Walker and Clark",9c468e9d-6d6b-443b-b353-7f3b3a65f3ce,364,21,4 years,Research president in.
cdedf9ec-5bd3-4121-98d8-ec9870319653,community,96acc880-241f-4479-93cd-7c6e0fb4e36a,He top respond pull region.,Grimes-Salazar,4541a668-507d-4ff6-88c8-a94c24481550,466,95,4 years,Top tell second next begin.
0ccd52c7-1c7f-415f-9c75-bb765f23e4f2,suffer,1b01cb0b-683c-452d-929f-5f6727e8bb07,Recognize Mrs mission or free know.,"Chavez, Smith and Hughes",9989141c-5422-4191-a192-516393f3935d,810,35,4 years,Name positive two lead pull shoulder a.
5abc0642-0092-4be5-9ed4-a8e07c31cdb3,car,b9867a58-6649-447b-840f-1775a97153b6,Grow race positive organization politics film.,"Smith, Burton and Mcknight",1923916e-7341-4f6e-b467-cef1ff829ffc,671,27,3 years,Foreign law world rate dark explain wall.
623f1cf8-2ebb-47be-9423-7064e62c9f08,card,843fca06-f4b4-462b-9598-f298a6488789,Administration reach the window.,Choi LLC,388c5dc6-7641-4973-836b-2a2918f73a22,171,100,5 years,Piece true character.
02d04bb9-7915-4266-bf64-a7b0935845fd,indicate,95bbbc20-651c-4acf-87a8-71ba14acee0b,Compare she produce design.,Johnson Group,fc4de800-0349-4714-aa69-bddf04543b87,611,22,5 years,News successful debate drive carry.
0a8d88a5-ca28-44fb-8aeb-4f35b0fcdde2,much,50f8f7dc-ad55-4d20-b456-9000449d2919,Town lay treatment fine.,Walsh-Vincent,51e19d71-5062-4685-8d1b-d7189cda9a42,10,46,3 years,Detail others dinner your hard house.
b5e370a9-a94b-4670-b4f3-170ff15aee65,front,1b999785-3282-4f1d-ad31-79918f7f9d01,Page capital simple talk follow share.,Robles PLC,7f5f453f-a4ea-43fe-bcb1-185687be5791,66,65,5 years,Technology brother thus six garden role.
67dc9f13-5d5b-4a38-99ee-dff7296f0577,responsibility,af86c929-f9d0-459b-a726-f1eaa9a0e5fe,Less few imagine worry avoid trade.,Ferguson-Berry,ffdf04ef-4f4d-42b2-9def-9ecc27290ab3,60,41,4 years,Development center physical new answer six same.
85d2e4e0-60e0-4881-8da5-9af650b4c55a,finish,68043db3-d939-4447-a5bc-416f0170aadb,Prepare man cold very occur.,"Gonzalez, Brown and Bradley",e5050264-9ef3-46fd-8fa2-6bd35418ce34,621,2,2 years,Glass behavior fish speak once garden or.
f3bb6335-1caf-418d-a092-e0b5abb1c870,break,d151e88e-c255-411e-b52a-10544436b664,Strategy mention only body impact.,Kirk-Dickerson,cac5173e-ef2e-4e9d-aeb1-623e23b647b5,742,92,2 years,Audience knowledge activity head.
4ef1b48d-0ab9-422f-a2e7-5d1c13b2bcb4,remain,4ed84691-ba9a-402e-811b-deb87b9efb81,Deal machine audience clear you way in.,Jones PLC,b2b7c2f5-338f-49d4-a1f6-f2cc23ae9483,764,46,2 years,Culture Mrs particular.
3bcc9d57-c927-43a3-83bc-96c9e5729f8f,receive,f0c2b689-2f4f-4201-b5c0-789a81dc2734,Level specific social.,"Nelson, Diaz and Williams",03d03259-c6ab-4c6c-b9e6-a6160b7391f4,945,53,5 years,Do she just.
5e79a310-5c85-4278-bb16-373b13cb8eb1,friend,66c7ca84-c5da-40b3-9279-6c39b9828708,Challenge happen where position success like.,Lewis LLC,4d618621-394a-4568-bef7-03ae8b81505b,991,81,5 years,Language degree bring director discussion reason.
ad7f6c8c-7be1-41bd-834e-1837a9201970,government,1b999785-3282-4f1d-ad31-79918f7f9d01,Campaign late agreement would future science themselves.,Flores-Wilkerson,528b3ce2-9a8a-49de-9a95-5e2344f1542a,358,47,4 years,See box want at ask.
cae6502b-2467-4abe-87b8-8aad5b165eeb,nation,c1fc7868-45f0-4241-9335-9a3cdf4f912c,A place minute whose education reality.,Jimenez Inc,42576d40-ce61-42e4-93fa-4e6d8bd2d2d9,231,5,1 years,Thing strong write Mrs left city tree southern.
7352bef0-815f-4c28-840c-5bb7498377fb,stage,78ee4003-7701-4b69-ae0a-f65ab9aadb1f,Scientist again ball quickly throw.,Smith Ltd,2b229b59-9c12-4261-9f01-8ab4bf4b725d,486,9,4 years,Memory discuss shake watch business president ball.
b43411f2-09d3-4488-b46b-d5b2f2fd2155,tell,eafe5272-5b29-40bf-afe7-400514884ac6,Film chance without tonight major.,"Martinez, Frederick and Holloway",ff28b977-9853-487e-8772-b434ca167164,102,100,5 years,Evidence you blue receive purpose.
9f1aa20e-84bb-4cb6-9036-66a4626b63af,individual,4ed84691-ba9a-402e-811b-deb87b9efb81,Go since bed particular top door if.,Torres and Sons,c0dd12e6-40c7-4e50-9e02-a7f1a9445a4f,141,53,1 years,All specific west choice recent admit.
15adf85e-a6f8-4dfe-8650-fb17bc12c4b1,few,e815bc76-7c9e-47c2-b9ea-67171929e2f0,Catch successful policy collection organization six.,Brown-Holt,f032959a-0879-4f1e-a6a4-f3c8b35201c1,336,56,5 years,Tv simply position fund thank truth school.
39e4777b-5171-44ff-b5e9-e1da17447675,see,4ea42f3a-6ac1-4c0c-95d3-d7cefc3fbeac,Will hit usually everything public growth better.,"Morris, Huff and Martinez",ffa29dcb-ea29-4d15-9931-446e60624fa7,157,8,2 years,Among many ok project.
9902c29b-decf-4250-9777-fa4bb69851b0,different,af5103f0-36ab-4e38-9f5c-90a4d4e61762,Fish perhaps worker why.,Bell PLC,7d7014b5-87b2-4706-b605-8dad6ea6b6d9,734,83,3 years,Might interesting cup poor lead production more minute.
ae66d69d-58fe-4278-86d7-b1dbe37eaaf9,difference,ba7e5bef-eedb-4d32-b570-fd1b2c1a4af6,Good necessary east popular out.,English-Elliott,2b8d313d-4f9c-47fd-90ba-7edafb2b4628,590,46,5 years,Doctor establish central enter civil describe party somebody.
280581c7-0e5b-401f-b6b2-685684306a6d,Democrat,86e7c75a-bf57-4be1-b169-dd57f64957bc,Rate ask eat it poor thus remain.,"Castro, Cooke and Barajas",4b88b2fe-0b5a-4b6c-9b9f-0bf0c92f423e,549,97,4 years,Network certain behind foreign.
ed1fe2db-8119-4d07-8c10-8665e53e9cd9,front,e718263a-b08e-4cf5-8cbc-e82a40e26bf3,Difficult spend want recent whole land.,"Wilson, Deleon and Reed",d06b3b92-e0ef-41f4-86cb-6ae34feadeb5,817,66,2 years,Scene number these opportunity case.
7af84c9a-ff15-4fb5-b517-38580808ce7e,less,f99099d0-f7f4-4a4d-8af6-709be75c009d,Piece hundred treatment.,Hunter-Wilson,df289dda-9b7b-41c1-8d1e-55b3097b91ba,533,17,5 years,By number nearly far draw any stage everyone.
d6d03367-fc60-4247-8593-58ab1d62d8db,suggest,17d618fc-c66e-465e-9430-2c7a6398e627,Skill economic explain.,Osborne and Sons,f1f933c7-55f2-469b-95c4-29793e505714,738,83,1 years,And phone public ok require tonight commercial.
41e08390-8c00-49b8-90e6-0645adf8746a,possible,463da6eb-e3e8-41da-bf78-00ac713fc6ec,Congress until rise type.,Haley-Jones,a05f3d75-495c-42ee-8f83-7362ac78ab67,370,99,2 years,Chair cause could add leader.
e250c868-26c4-4d46-9ffd-10f98c4e025f,Congress,18b05d3e-9f65-40e8-b22c-b2563293384b,International year reveal table.,Flores Group,ba828677-e935-4ca8-af03-ec10f9f54998,656,98,4 years,Miss either very process couple event.
bc762cf7-c2cd-45f5-a7fc-1524df50f21d,white,f14e1348-2756-4aaa-bda8-1626f4028975,Ground trip fear.,Pittman-Barnes,33e0b58f-5bf7-45fa-8e90-407d58883e1d,778,64,3 years,Need Republican town resource officer compare executive.
42e7d655-406e-48ac-8de4-1131b42e0de4,meet,d25cc6f4-7cad-4e55-989e-6710286feaa5,Change professional tough other step region baby.,"Burns, Brown and Jones",69077a22-e4fe-45c1-8025-f215dabb6758,428,52,2 years,Capital we exactly environmental happen social.
50691dac-6eac-4b82-aa08-8512eda28517,may,f97488a0-493a-411c-8452-38b508a18d67,Meeting group word approach process safe development certainly.,Mcintyre LLC,fd554d43-308b-4b17-b16d-2dcca256759e,343,32,3 years,Once building plan same simply bed like.
320cca90-4160-412e-ad51-307bc4b153f0,somebody,af86c929-f9d0-459b-a726-f1eaa9a0e5fe,Reflect suddenly what project ten.,Jefferson Inc,8bc1e119-f7fc-47e8-9056-14f67c0ed543,397,60,2 years,Relate some animal race.
5e4363ae-6e09-4409-bab7-9c3bf3ca373e,then,60cf6e80-28fb-432b-97fc-bf38df98ce09,Name image difference level although.,Sanchez-Gibson,6038145e-86bc-4740-96b7-68c239f2e3db,642,91,4 years,Learn tough several contain.
ad554fff-2445-4448-98ed-38fb7fe620e5,these,86e7c75a-bf57-4be1-b169-dd57f64957bc,Conference western generation exist indeed explain finally company.,"Roberts, Stewart and Clayton",88f37c2c-25b1-4554-9912-f361c998011c,94,35,4 years,Yard poor weight stage notice.
a77996a7-dd6c-4e41-a4d0-65fb8de40f14,soldier,78185b0a-b0a4-4992-8725-553e9b33228f,Administration war successful scientist listen.,"Wu, Miller and Edwards",d08ebf26-0cf6-4f7d-8d22-e75421b543c9,392,58,3 years,Gas management spring manage cold positive price.
499eee14-84b7-4bac-9e4f-57346c01e658,grow,e07fa8f2-a880-46e6-b667-a4d8f35325c8,Son who yard resource answer style white growth.,"Curry, Bruce and Walton",5d6a1de2-c0aa-422d-93e4-7715e738550d,63,95,5 years,City young the style popular.
e2f701ed-d7ab-48f3-952f-3040139b4b86,great,9f10ab99-2e38-4463-a426-b4b58503ea55,Wait fill tell remember many.,Meyer-Anderson,444c82c9-facb-45ab-967b-ad6ce4cbfd2c,425,57,4 years,Enough maybe major recognize forward project morning majority.
d182342c-5ea4-489d-9d30-385c9757faa6,memory,2309fdd9-30cc-4d4f-9b7f-4374bdabfdeb,Everybody strong exactly young heavy action speak.,Hanson-Smith,19b1e245-34c0-4842-9b2f-e4b4995b93a9,68,26,5 years,Other floor language success rich investment.
3e0313c6-9e4e-4086-a492-d5ce927f2769,early,39f56687-1390-4e95-af59-62e05721eddd,Sure the detail the Congress position prepare.,Stevens-Jackson,de00bd69-7d41-4353-ab6f-91af52ea89a8,21,11,1 years,Father staff matter which six decide.
a406e561-8ec4-430b-8bfe-7c65a1b09ef9,around,96acc880-241f-4479-93cd-7c6e0fb4e36a,See claim address war into interview.,"Powell, Delgado and Anderson",ca5e0874-d1fe-47c6-962f-75957dd06cbf,846,92,5 years,Great collection close base.
18f4bb86-ba6d-48af-b892-0372d991e09b,science,fe840dc5-81fb-4809-a0d8-738ae9ae6cf1,Bill green tree production food.,Miller-Barnes,5042e428-e584-41a6-8728-4fbf80cc58e6,181,60,5 years,Public would do.
549bb223-925a-4534-9dac-495ec0fc2b41,because,a6678f00-81f2-4c75-be28-d843e1c1074f,Benefit growth must wish area eight book.,"Black, Rogers and Franco",c68f94ee-a5db-48f3-afed-b63c7445e621,242,36,3 years,Artist movement all summer.
d9977cfb-5d24-4932-af1a-30a0182f60bf,watch,2309fdd9-30cc-4d4f-9b7f-4374bdabfdeb,Measure business leave middle good chance.,Wilkerson-Schneider,2d5d6a9c-45f2-40cc-8fda-86b418acf526,49,33,5 years,Trip data computer perhaps compare.
899bf707-7b41-436a-9b3a-c861bbe179fd,still,e48c83c5-c541-4132-a02b-14b7ee10ddaa,Become nation hour explain weight leader history need.,Dillon-Gonzalez,6e20a56e-444e-4215-a84e-c488682901d1,238,68,5 years,No price left despite.
12e55de8-d682-4fc6-bb37-521f820941d4,since,0d6c083c-d477-47cf-b992-9b68c5af81c4,Very single political themselves how range.,"Curry, Merritt and Roth",b7c7d55a-52f8-4637-86fc-676d84da19fd,93,92,3 years,Only ok according owner.
0fac97cd-1e18-43ce-8f9e-b4d7345a6f15,hold,50bf1927-cc70-4670-a0d1-0eb5aa658d99,Wide believe project score wish former situation.,Durham-Dillon,e6bbf6fc-c415-428a-9c43-3c5b46b6167d,21,10,4 years,Player plant run kind.
5edd22ed-8f53-4ff7-9e1a-7eabacdc1d78,surface,c0d3bb1b-15d2-44a5-ab89-4b19543a69d2,American their if half loss factor.,Wise-Fuller,d97d25fa-577a-4f23-b314-552e6cadf588,12,66,3 years,Apply when not.
f2802d44-2155-4d96-8c51-9651bd5b103a,statement,d137d414-11b5-4975-ba11-20382e901cc8,Ever check try or part happen.,"Powell, Armstrong and Reid",03f29f98-153d-4373-995c-b31357348bd1,735,92,4 years,Area thought reach either own.
1c7e78f5-75d7-4654-ba7d-61ba2231555f,behind,e91b894d-c454-49c3-b941-debdcf2ccc82,Business attack memory skin loss small early.,Ramirez and Sons,2d9f265d-a076-44e4-855f-452a881d87ce,445,43,4 years,Weight network loss gas consider oil so.
bfc0cebc-2b3d-4855-babf-664aa1d55d53,cover,f65939b5-7556-4a45-bf38-f42b88347e39,Turn or line car.,"Frazier, Sanders and Collins",0c634537-94e3-4e5c-9e79-eeb10a0c23eb,978,22,1 years,Everybody throw break hard brother.
b849ef8e-e15e-461e-9df5-32036f467f8c,consider,8136ff1d-492b-4e00-a158-76574e68a327,Decision game have program glass black.,"Cole, Miller and Terry",f936cd31-83cf-436c-b41b-96d3fdde6bb8,434,88,4 years,Current city even letter artist mouth subject might.
f99d3a85-5bea-42d8-8d9c-040e29e75cef,plan,1195878d-b590-4924-8bf3-6f1166462941,Ready audience reflect million institution.,"Guerrero, Graham and Jones",32979fee-a0eb-43a7-8457-9cde95bb4966,841,22,2 years,Table week pick fight support late sign participant.
bc77aa7a-62d3-47a4-8373-78d6582a4798,concern,6379e198-0070-4422-9f19-f46851701ea8,Room staff true person fast Republican involve.,Cunningham-Joseph,26e2efbc-3ac2-483e-8cbc-1d1d26257625,602,77,5 years,Example clear need.
a901f725-e4ff-4a22-9dce-bc8cb3fc00f2,civil,9bc689bd-1db5-4e63-8cd0-54432d2c1786,But matter choice war eat mission.,Henderson-Robinson,3c79e80e-ef50-4e83-b701-c4cb9e1eb276,873,98,2 years,Piece forward traditional again form usually nation.
c8ed9f38-eaa7-43e3-ab7f-d63ffc77d5ed,prove,7499f59a-5e1a-4b89-8815-bca875f167b6,Own loss life total.,Lee Group,9b2c8b67-5d21-4748-b590-fb0ab586be0b,52,92,3 years,Seven himself find give teach cup.
b526298a-3613-4d6f-9b70-5986bf514076,during,9db9a782-7664-4ec6-9d44-15087707dfab,What wide how.,Mcbride PLC,e97fd8bd-43c1-44b3-97b8-974a4964566e,673,84,1 years,Name left sense computer source middle.
e4572133-aeaf-455a-803a-10cb05a147bf,debate,80777b51-bbf5-45c4-af40-81ce826f5b58,Ago fish land these admit like resource.,Moody-Moon,73533ea1-abf0-4c41-8b2a-85f956412571,858,51,3 years,Happen same turn our high.
fa577ace-f2cd-4a05-bf89-98e225eee7f3,return,84396456-8c2a-4643-957d-597bce05548d,Forget ball model cover.,Shields-Mills,69c3d305-6ca4-41e2-8fb9-d20b1cf9c6d5,227,1,4 years,Wife policy reduce nation expect couple difference study.
ba20f9f1-fb64-4ae3-9548-c9b4e81c4edd,short,8d8ec66d-55ee-45bc-954c-a7e627f36374,Production perform recent least.,Williams Group,60a1eb0d-72c3-4c9c-a32f-5be1ce227ea2,372,80,1 years,Never trade walk television.
8b150401-1842-44b2-8751-cd5c7918c961,grow,f51ca4cf-bc04-4cf0-9309-ee5cd957f3d7,Stage hospital moment debate suggest it accept.,"Chapman, Leonard and Smith",77ab1c4a-df9b-4c1e-92d7-9cebd610bb20,759,69,3 years,Red edge either.
599deb4e-b3f8-45c0-9097-1b4a76759cbd,time,cd75c688-fe06-46d2-b520-e643fe6f6e3b,Community civil character southern size name those often.,Parker Inc,8fbf01d1-3efa-41d3-8eff-8850fc801cd1,207,4,5 years,Between thing pay meet allow.
95fd6d78-79c1-48b6-9a6f-8ec65cde6ff8,operation,6379e198-0070-4422-9f19-f46851701ea8,Factor manage single month career.,"Douglas, Henderson and Curry",8a122cee-97b3-47d8-a1fb-b2451ee86afd,29,46,2 years,Evening true our operation.
3416dfcd-bc13-44d1-9d33-5a1038b20671,recognize,bd1a7d94-8851-4d30-a92d-e73c8703345e,Congress specific organization.,Camacho Inc,d9af768f-7126-4b5f-8590-a5cd26c75744,289,79,4 years,Change site doctor goal media.
6c4cd4bf-da98-455d-a208-506ba4549a1c,enter,8102f0b7-d975-4781-90cd-b5e1f6d819a7,End beautiful from heart chair.,"Martinez, Stout and Gonzalez",ad056bdf-56cb-475b-af9b-3c47907359de,688,73,4 years,Whole material human.
a9a0f8ea-88c7-4627-ae9a-f30be30117f3,grow,196cb14c-3352-42a3-bc05-455ba03e0213,Information difficult image class store resource key.,Riddle-Murray,56ddbb1d-90f8-4005-9ab5-96236ab3a1f4,287,34,5 years,Three listen our letter low start paper.
5e25c815-6f7c-4ee9-8b04-0c70607e5bc6,focus,eafe5272-5b29-40bf-afe7-400514884ac6,Site can yet discover street.,"Dawson, Gonzalez and Johnson",9be2d8c4-e279-4970-864e-4c2c3adc921a,396,53,1 years,Begin baby figure commercial year he word receive.
e86e9c1c-8ad8-4ddd-8b73-d497aba56107,buy,182fd390-7e9c-413e-82b3-7a4425dc6da4,Establish report great alone people future himself.,"May, Garcia and Collins",8ef02c1d-51da-4040-ab1e-6a9ee690022b,354,43,3 years,Property mean director note trial last occur.
95df477b-73f8-4846-9256-c0ac70077c9e,however,26851816-0811-470d-9538-ad92381234fc,Least listen morning save.,Marshall-Gardner,bf29175b-cf41-4809-bd66-5a3287bc1de5,325,22,5 years,Star pay our book figure.
af5f9a37-bc8d-40ce-8539-5ffc28fde435,training,1f2dc931-a959-47b4-94e9-16a008118c49,Place election score girl at within spring.,Brady-Lewis,8fc92ff3-4c18-4318-838e-20fd0103454c,199,98,5 years,Marriage major full base record pull fight option.
a6c35f30-d0b0-4ecc-b067-52c6d572749d,loss,70f75b2c-f96a-4a5e-a4e7-784e65536f28,Population book total them away science person role.,"Berry, Hill and Miller",86b4c619-e85e-40e2-b9c5-a894fa92458c,212,15,1 years,Rise every foreign create.
705b796c-af12-4128-83de-528ffa387069,public,f51ca4cf-bc04-4cf0-9309-ee5cd957f3d7,Strong bag rise class.,"Clark, Sanchez and Nguyen",5898131f-dbf4-4849-b1f5-6a38e084dff1,552,19,1 years,Doctor half rule position career.
6fab5a5b-e342-4020-a412-f0bbf8947e83,special,4f857db7-d662-4a65-bd24-3d696b1bf3da,Care night play forward foot see city.,Thompson-Harris,8d543a17-d271-47eb-87b0-a9ca2f248e40,897,92,3 years,Until best mother interview.
dc20947f-bcc4-42b5-9288-d1a83839c37a,collection,8136ff1d-492b-4e00-a158-76574e68a327,Improve cut so training plan financial.,Newman and Sons,16149161-39af-46c3-a4ce-b746bbe37292,902,27,3 years,Occur fund now at meet many table.
65ffaf89-d4db-46bf-8189-7b7aa16d24dc,like,a6c16cdf-0666-4008-99a4-733390b7b8cd,Sound series career expect capital.,"Vega, Obrien and Whitaker",d59ed3ad-8dc3-47d8-88ab-2794e569b8db,588,23,1 years,Point visit mouth series.
ccc2c1b6-4ca0-4a33-a213-323d0db08966,report,91be35b0-7c21-40db-a0fb-8a70638c7f92,Sort thing television single.,Morris-Nguyen,5e5a9ab0-e092-449b-b997-be533fd4f1a8,751,40,4 years,Tax wall huge kitchen house debate none.
b9d722d8-4210-4e22-83a1-4d3eb623e88f,almost,1bf451e6-c66e-4388-9d61-d92d7171326e,Contain buy the wide.,Jones-Wood,4c2e2518-a67e-48f1-8ac5-d8f35599e577,805,96,3 years,Mind author professor generation international.
91563806-b762-403c-b71a-318568794aae,hard,9bc689bd-1db5-4e63-8cd0-54432d2c1786,Democratic community specific strategy.,Smith-Oneal,8871494a-d78a-4338-ba18-fe3baba9aa2a,982,41,3 years,Expert heavy weight serve.
f7a37113-37a3-4bac-83c9-9e4f077903cc,thus,29f68909-1a76-4c66-ad79-eeca99f3f30a,Doctor employee rock realize however.,Clark-Brady,e71b3b4f-377d-4d26-bdb0-ffd16245a417,431,17,3 years,Capital however despite sit animal wish great.
5df53e8b-4dc9-43cd-a12c-52698ef5cd35,hold,8136ff1d-492b-4e00-a158-76574e68a327,Certain public whether police defense.,"Ramirez, Barber and Green",fb21330d-806b-4a62-bbb3-9180c2e6a9f3,647,9,4 years,Project field laugh phone important.
6256a750-4aaf-45ff-865b-d6b5046996be,against,b9867a58-6649-447b-840f-1775a97153b6,Agency brother minute pressure get choose quality.,Acosta Inc,4978eb75-b3b7-4772-b0ac-5ca0ab49e40d,102,71,4 years,Above read resource meet traditional itself occur.
030bd79d-ca36-4687-a592-63447b341b89,resource,969cb5c6-50f8-4422-af8f-ce41fc6bd943,Two usually letter let out else foot thus.,"Parker, Cherry and Walters",ecdd85ec-dfae-4dff-a0cb-1fc23a2ab4fc,892,80,4 years,Range loss accept difficult understand.
b38e2eec-76ed-4e03-81ec-99b7484b0f8e,pull,53e43ef3-2fe0-4b6c-989b-8baa2d66f0df,Difficult pull space along.,"Hicks, White and Cross",1ac35ebc-cd26-4d3c-97c7-c70be5f9add1,546,9,4 years,Memory experience security might student daughter federal.
a8471718-035c-4c2a-b163-4b54ef1685fe,reach,e60722c0-c68f-4627-812d-82e72b50d13f,Worker across something happen keep billion will exist.,Thomas-Maddox,cd9dc568-6baf-4986-b16a-b4b82ecd7ad8,212,49,3 years,Customer approach have letter.
4f25a120-d4d1-46c7-bd70-38da49d48d8e,technology,162a4719-7667-4aa0-90a6-b82faac44e06,Forward note factor item.,Combs-Brooks,780ffa62-dff3-41ed-8986-c8e64d04cb74,865,23,3 years,Leave war teach office down stuff author.
318d806d-9255-4870-8125-06f470f5b018,able,b64b3dcc-d72b-42be-a28c-68b04cfa386d,Accept consider skin set seem either just.,Nguyen LLC,703dc86a-7f4a-47fa-92aa-a9b737421eed,582,67,1 years,Southern claim different series.
dafd6019-61d4-448b-ac2c-814a17f4dabc,thus,d23f662c-e704-402c-991a-ebf8b6b1836f,Although author phone mission bank good bed.,Morales Ltd,3cb9c2e2-2c88-442c-991a-9acb02e04324,77,9,5 years,Writer cost woman.
8cbdd82a-88d4-450a-8398-86f30b4d1103,although,3dd21f44-df97-462b-b9a8-b6e32cfa15da,Church trial individual language kind stuff feel either.,Reilly PLC,0326a94b-4926-476c-9809-a01cba566d23,374,42,1 years,Economy author performance radio fund community these.
cc9ebe22-d442-4dea-808b-7109b7813452,marriage,196cb14c-3352-42a3-bc05-455ba03e0213,Power institution close five sister past machine.,"Hall, Smith and Wright",ff810379-11e7-4a59-9f94-1bbd6d3cf6c7,967,14,5 years,Follow job research author.
c7eea853-5da6-40d1-881d-1e0bb81a800f,receive,40cbe283-8290-4217-bea9-b397f3f9b9e4,Western admit main side green laugh drive lay.,"Nguyen, Rasmussen and Livingston",e6dd323d-e9d4-4fd5-9179-a64997340cd6,458,69,2 years,Walk popular pay attack time young two let.
c0336511-a4ea-433e-8eca-3f7f93e4b1b7,TV,4daa6022-c797-4c7a-bfaf-8fbf1e9b5b79,Husband pretty left.,"King, Williamson and David",a016d1b8-51c1-4d06-bf09-cda3398b0468,484,50,5 years,Every address imagine night everyone.
4edd8bb1-5891-4c38-a2a1-69403a65b958,appear,250724cb-67fa-4cc2-b1fa-5ac3b4ca75c4,Reach machine seem age dark.,Boyle and Sons,9f1af673-5083-47d0-9406-3e08134d5e1a,742,4,3 years,Shake morning hope more.
e3f6151f-aa93-40b0-b82d-23016b532698,natural,8d41d367-4b75-4b48-87ab-29c57f7a9aa2,Strategy yourself it animal drive.,"Phillips, Moore and Knight",225d8aaa-04e2-4ace-9103-d60119439659,525,35,1 years,Wear white may.
b5aa0c8e-69d5-46f5-bf86-2caa705220aa,significant,78ee4003-7701-4b69-ae0a-f65ab9aadb1f,Toward early kind clearly.,Carroll Group,6e7c9dc0-549b-40cf-bd7e-fe8eb9436c86,975,83,4 years,Art space collection employee begin sense war.
e206ddb9-4521-460f-a1c7-cd4915c879bc,southern,e0c8bcdd-a9d2-4d86-84e7-d46060314d98,Series alone card magazine environmental tough scientist.,Rodriguez-Sanders,cdd47c7a-914b-430d-8df7-cfc6245fa96d,832,15,5 years,Dream writer when yet whatever listen thank her.
85b82ce3-39e6-4083-82c5-a1f87409efaf,lawyer,91be35b0-7c21-40db-a0fb-8a70638c7f92,Prove own history pressure coach idea.,Hines PLC,3b2af81b-48a9-4307-a602-d1615610c584,775,39,5 years,Imagine music rise fast moment certain could.
489c4942-02ee-4265-b679-9fcd6a2bb930,rise,d151e88e-c255-411e-b52a-10544436b664,Form grow energy official.,Hayden-Davis,8758f97e-2b8a-4d55-bb41-d75c51ede8a2,38,40,3 years,Million partner growth hospital happen see.
a4b606d4-1296-471f-9e64-db81a058c73b,worry,b64b3dcc-d72b-42be-a28c-68b04cfa386d,Meet bed type physical to.,"Branch, Richmond and Franco",e1145548-10fd-4a99-8863-85ebdf9c8c43,329,69,3 years,Decide across organization sort prepare thousand model.
5793cafe-48e2-4b61-b242-228b843f0386,state,50bf1927-cc70-4670-a0d1-0eb5aa658d99,Capital bar company big certainly.,Smith PLC,537b8983-77d9-4bc2-bddc-31cd5ea1224e,573,11,2 years,Cell center trip stage test measure approach.
a57db882-b727-4bd2-a7bf-e224f9d66f60,woman,95f7d8f6-d78c-4f7c-8d59-238d1d6dd67a,Different address raise station charge.,Nelson-Wolf,08dd6999-2e77-423b-9ce9-f1208b58f8e9,360,26,1 years,But positive exist middle early reach second work.
d0bf20cd-c696-4175-b8da-1dace11b0c5d,about,fe840dc5-81fb-4809-a0d8-738ae9ae6cf1,Enough account sign indeed center most religious smile.,Dunn LLC,85803186-1ce9-4812-a30c-2c64c2debc54,658,83,1 years,Poor want development.
402e296d-b570-4cb6-b24c-746966b4348b,the,cb570894-b314-4ba6-b4fb-3362dd6e4df2,Edge debate north improve family modern development.,Jackson-Parks,59fe0f52-616f-4c01-8809-cfffceaa5071,887,33,1 years,Day direction behind east present.
ce92b0e6-1699-4ff8-9262-f0e0d8144fa9,across,dac50cd7-dfa8-416c-8d49-a791d9a6fba5,Along left democratic note truth.,Ortiz PLC,56372602-4db4-4e87-89a7-1010774fa7bb,819,50,2 years,Political quite role worry government message sit sing.
3115793d-4b22-4628-9c56-36363356fcf9,financial,a0958eff-9def-4a92-a9c4-75aa5a3827b7,Example like dog fine out feel.,Hogan-Miller,492276fd-77a0-4e05-9621-2ff0463f3737,283,28,3 years,Budget every however true.
a000f890-3e67-4e99-825d-5f189fd85edc,subject,91be35b0-7c21-40db-a0fb-8a70638c7f92,Work growth into word local.,Weber-Davis,c2360668-efed-48f7-a591-69e9d69351ec,794,91,5 years,Oil create of evidence check laugh.
24c5ff0c-75bc-4225-b48e-d0086b188fc3,gun,1a1b4a4b-6d4b-46ee-85ec-3774727a35bc,Be cause bank season energy such.,Mcclain-Fischer,f0739ad2-4327-441a-8fa2-ed2dd66d0e66,826,72,2 years,Newspaper sister about by.
5cb8f5f7-0a31-4db9-8eea-1b4e7e9551ef,spend,4ea42f3a-6ac1-4c0c-95d3-d7cefc3fbeac,Individual its human work.,Howard-Vazquez,138bec6f-3fec-4193-8c2c-390cc0fc5883,138,92,4 years,First few apply animal at success account.
963fd6ab-3cec-4673-aec3-4835690a6102,say,20abaef1-e7e5-4abf-844f-7df70c2e9461,Conference wind college huge travel expect possible religious.,Floyd-George,e872f1b6-ad69-4877-ab5f-0868358d16c3,264,35,5 years,Stock campaign throughout energy.
ab687d8c-ba89-4178-b280-a3a471d9da0e,green,26851816-0811-470d-9538-ad92381234fc,Success daughter pattern someone national activity debate.,"Estrada, Anderson and Cooper",8f166c1c-32b5-4712-9d55-c1dbbd16a554,635,24,3 years,Race product born.
567ff50d-c378-4210-8a67-51ba6834b095,fill,9047b0d5-e81a-49ae-81fe-7f6b0f8938c3,Create career parent ever.,White-Smith,d08b1ae3-42ae-4d05-b2e1-e299aa9d594a,505,41,5 years,Never your card citizen.
4d68de78-e817-47f5-a547-a5748db702a2,choose,d772b243-888d-49af-b1bf-ce838d1dbf77,Mr both bring next.,Holland Inc,4c4c95c4-126b-437c-94fc-1f1fc0e8a22f,360,58,1 years,Value room natural produce vote behavior.
64b0d2e0-d9fb-4267-bcd9-254c8b03e98a,between,dd7d7062-4739-4f62-91d7-9cb54b9abf2a,Option capital film relate billion grow.,Dawson and Sons,d7affe7d-701d-4f58-8a32-b715c8dd5270,935,19,1 years,Mind beautiful run audience ready.
61c536e4-a5d9-4aef-b10c-26a8d6b56c6a,few,37c12f7c-4b22-447f-b381-bb87aa49d26c,Audience yourself environment machine last heart matter against.,Ward-Jones,f8bf671c-c00c-4123-93c0-a18903fa0f65,360,19,5 years,Real individual decision.
67912e99-ad2b-41cf-a059-9446f324b7b9,none,78185b0a-b0a4-4992-8725-553e9b33228f,Plan individual parent face.,Ross-Garner,d04f44c8-79a9-41e3-a5f8-8936ea7b1154,600,20,4 years,Manager shake increase year experience job health kid.
f1e83b00-6073-4a7b-a468-867ac4e474b3,approach,8af2f657-203c-47c5-9fb4-fa721bebbde1,Fact throughout authority exactly notice.,"Santiago, White and Garcia",4e4866e4-901f-4605-9bad-e13e4ce4a9a0,998,23,2 years,Spring maintain industry when side.
63b47bb2-1ad9-40ff-a50c-0db27ee64ed2,avoid,cb570894-b314-4ba6-b4fb-3362dd6e4df2,Letter these day assume ago likely.,"Adams, Jordan and Green",d9f7b835-a608-43b4-a48f-d36792da43b6,382,91,1 years,Security hard become smile read school.
579cd41d-396a-4936-8a47-c360af7391d7,goal,8d41d367-4b75-4b48-87ab-29c57f7a9aa2,Message so consumer hand laugh.,Gibson-Gonzales,675afe20-b0fc-4288-ae1d-d797d96aea58,449,4,1 years,Control different sell view response author.
948e7c52-2dff-4f5e-9ab9-ebae3a1cb658,nothing,c8b733d8-8256-4219-bcd1-8ba8b1ae542d,Type authority lead ability.,Wallace Ltd,e605d9d1-1783-4fb3-af9f-755e41792c22,261,53,4 years,Condition itself performance meeting.
bb160f8f-0907-4980-825f-4f14e4a1aabc,morning,e7a0ee4b-85e5-47e4-9130-a365726ff003,Board respond woman reach.,Leach-Smith,45fd4e29-60e9-44dd-af4f-9cc8d538b654,604,86,4 years,These bit agreement threat issue.
c19f0135-5dd5-4ad6-b29a-c47415eef2eb,song,80777b51-bbf5-45c4-af40-81ce826f5b58,Card morning whose authority option contain.,Mccarthy-Torres,9efaa220-8c57-4698-908a-e8a13b5b6bd0,560,34,5 years,Mind name writer everyone.
2343f7ca-97b2-49bb-b087-057f4e65b1cc,reveal,afc22671-ba77-41ac-8a2b-82e459b145f4,Task visit dinner see material with.,"Dawson, Johnson and Ward",2c36f4f6-00ef-4076-addf-3a0b8903d635,70,63,5 years,Moment attorney key because condition.
58a25fa4-50c4-42b9-a7aa-476079defc3e,company,7499f59a-5e1a-4b89-8815-bca875f167b6,Herself page kind avoid partner story.,Myers-Johnson,9698b5a7-227b-47b9-a891-129444de5143,448,89,5 years,City great answer seven range husband health and.
4f62fe4d-cd55-4181-b94b-cdf93e16dfff,argue,fe840dc5-81fb-4809-a0d8-738ae9ae6cf1,Concern add apply single source quite according.,Shields-Martinez,d2d18a7d-d03d-4a26-8fb1-ab25bf17d5bf,829,32,5 years,Any entire arm as whole.
5840135f-8951-49c9-90d2-997d748404a6,smile,d151e88e-c255-411e-b52a-10544436b664,Key financial instead.,Patterson-Gutierrez,61b5a56a-46d3-4834-a5cd-f107be493688,146,42,1 years,Rule amount short claim value dream question.
61caadd5-e096-412d-9929-b0484ebbb502,after,717949e9-b61c-42b6-943a-ad3877768018,Authority serious style science get.,"Scott, Jones and Lowe",ce5d5686-7d0b-4b3b-a34b-45e8a0a5f173,99,70,2 years,Off base camera name others.
7db96f48-4c57-4e47-b14a-a650f9c7c806,husband,90f93ba7-4561-45d0-9aab-03d8f9c7f7e1,Until involve keep ground head building wind by.,"Castro, Mccarthy and Rodriguez",07c01737-396b-4da4-b53f-8e825bb561cc,706,41,4 years,Common build course smile.
2c7ce3ad-856b-431d-a2d0-5e074254920e,very,ba0c5a08-5618-4bb0-9744-650333b972c2,Subject investment fire father see walk.,"Nelson, Barnett and Leonard",c85f522d-dd3b-41dd-80a3-0d5b45009636,969,54,1 years,True reduce half major to somebody.
73701fb1-d7e2-4f69-aace-e50f1a452793,recent,20fc469e-3efe-4fe3-a3a6-a30f8b2028ac,Middle yet three standard move choose.,Thomas-Murphy,b56016a4-6be4-4185-9c54-7d5c17aa9c68,152,37,3 years,Morning catch move notice real national stage answer.
d7cea7a3-6b8a-43bc-b4fb-7ad1b4394cab,institution,37c12f7c-4b22-447f-b381-bb87aa49d26c,Else air throw yes garden dog activity.,Jones LLC,4280785d-71e3-4ee9-8783-a9a654c7be06,841,40,2 years,Nor type attention fish service star.
997fb33e-16ba-442c-925e-7c864c452643,situation,f14e1348-2756-4aaa-bda8-1626f4028975,Law hold crime whatever even return international.,Armstrong LLC,92e58897-8f8e-4a4e-8a2c-599510345c6a,672,36,5 years,Note war last use fact or.
ecb34592-e881-447e-acdd-50ddde8cd95f,window,87f34488-8915-4a00-b320-108328ee2db2,Bit measure major citizen third fall.,Jones and Sons,ed11d215-fe5c-4a4e-bc86-fc6da5da798e,54,2,4 years,Knowledge event near general author the.
61b57c20-9c1d-4132-8e3f-6962bc6385dd,data,b64b3dcc-d72b-42be-a28c-68b04cfa386d,Work draw president sing.,Greene-Lewis,08466e2a-e32f-41e7-80a3-59221c637e9f,65,46,4 years,Economic seven election.
b5b4d0c9-3760-4708-82e3-8117052fcab3,what,9bc689bd-1db5-4e63-8cd0-54432d2c1786,Miss million heavy with them.,Myers Group,8806a522-bde4-4f23-89ea-a07e9c078dd1,153,87,1 years,Guess end art local task.
8eb0e61f-edd0-4090-b5e5-f11f19aa0f7a,form,95f7d8f6-d78c-4f7c-8d59-238d1d6dd67a,When seek never speak cause.,Brown-Morrow,1a77ef40-a34b-4a0b-a4d0-5175e4e5fd09,422,31,5 years,Possible structure treatment computer find job common.
01e4e682-8c4e-4bf4-a0f6-782e3196ca6c,my,1dbc70cd-2a49-451c-9001-ef37aa69fb45,Box direction few away truth today no.,"Rice, Ortiz and Hunter",c4400c0e-babe-4a00-8995-fe9295d48d71,734,25,2 years,Speak think four across officer.
01053854-03df-4801-8fd2-a81f71c934bb,yard,f51ca4cf-bc04-4cf0-9309-ee5cd957f3d7,Camera spring man mother happen increase.,"York, Harris and Sutton",0cc56379-8f1b-48fe-8a1a-98e67c3dc069,848,62,1 years,Party church American election.
1e31afdd-d326-4ddf-9c52-742a609bd9b8,cause,6379e198-0070-4422-9f19-f46851701ea8,Bill lay truth cell theory modern.,Collier-Lee,79823adc-e329-4d3c-bd67-831a03b44ae9,138,24,5 years,Foot affect staff car the really heart speech.
5fc7b925-627e-4ca8-850f-b63bd792e72c,performance,4ff6add9-88ac-4755-ba82-0f0647e95607,As return audience set.,"Jones, Warren and Vincent",2324d00d-caaa-4db1-811f-aef21f5948bf,450,62,5 years,Economic firm quality when activity.
ccbb7b3d-c05e-462e-a238-b4a534b596a5,field,8e7767be-db08-4906-8b43-b28b51654f71,Debate build buy before.,Brown Ltd,c9ccb6ca-00bb-4302-ab99-d68ffb56b5da,739,67,2 years,Thing Mr anyone better.
ab88ee18-ab81-4915-ac07-befa29a0bcaa,least,39f56687-1390-4e95-af59-62e05721eddd,Six effort person possible consumer.,Gordon-Gutierrez,a0146f1c-9155-48e5-b797-07d7375aa90f,124,97,2 years,Seven federal today process be society.
8407d0e2-cf24-4d21-917b-d8d71bcd8d69,idea,86e7c75a-bf57-4be1-b169-dd57f64957bc,Hear change month hot tell write box front.,Conrad LLC,80fc1959-a7e0-48d3-86bb-4e6bf5d76727,776,69,2 years,Brother board outside say dark least.
43c7f0a7-8571-44c5-bd68-127a7f15ac7b,computer,3808698d-30e7-47aa-bba6-acaccba3aa15,Voice participant TV general tell word.,"Davis, Hill and Henderson",05a4feda-8086-40dc-86b1-b89a6f1e6701,319,91,1 years,Together rock mission them.
ab16ac95-352d-4e9d-8262-17e59d36225e,number,8a665547-a59d-4bde-bc17-8426ab8d5529,Catch six truth quite.,Phelps-Marsh,59bf717f-1090-4043-9742-893f2597e704,889,24,3 years,List finally listen show character contain.
ba25e130-06b7-4c86-ac49-7a35ca3f4389,interesting,e815bc76-7c9e-47c2-b9ea-67171929e2f0,Make of story already language middle clear school.,"Johnson, Wilkerson and Castaneda",c3b8ea70-54a1-4c1a-88d2-8366c3fac7c7,141,8,4 years,Central here style crime street field.
c21eb764-239d-4802-b403-42b0b7ad5bb0,manage,9a89976b-690a-40e6-845f-2264d6fd51a4,Relate also race.,Rodriguez-Lam,2b459173-69ad-4c0a-b3a6-183b05800061,221,81,1 years,Administration another need site as.
9ac3f420-f5e5-4010-84de-72669ce6c170,even,c8dfda2f-a74a-48f7-86a5-40f9be17600b,History note Mr past more adult voice.,Reed Ltd,6de8af3e-5ccd-462e-ba44-4cabd9cec748,52,64,3 years,Word great operation career first.
83f11170-a0a8-43c9-9377-795bf365a98d,look,cc34cec6-be81-4a0f-87b7-9c9793ba7548,Give store health left speak film.,"Hunter, Walker and Tate",da06f755-5a01-400d-b443-77d37947b9ca,937,75,5 years,Form forward time goal land.
bc45daab-d427-4b3f-a2df-20b5791553f2,task,91be35b0-7c21-40db-a0fb-8a70638c7f92,Wrong note indicate truth spring discuss.,Tran-Allen,d981de2a-0123-48f7-9e4a-3a6b72191bbe,246,63,2 years,Black this manager road.
65154952-a741-4b13-9127-c2b15a0459c9,line,80382448-fde9-4e2c-984f-c72eb4b8dbde,Able appear set speech pattern.,"Acevedo, Pope and Elliott",3ae01504-9f63-4f72-a9e0-b9a0a7bc5d01,909,87,1 years,Peace whether material business leg black hear.
3404a09d-d9e6-4d5b-a441-5794163e81b9,century,cb570894-b314-4ba6-b4fb-3362dd6e4df2,Police store enter power.,Kelly Group,c0c5785c-6c78-4ab6-9fda-cf2e003f4865,374,47,3 years,Develop take eye bit strong.
56af422c-318e-4272-8a01-9a386c10010c,far,b64b3dcc-d72b-42be-a28c-68b04cfa386d,View room prove room compare understand voice.,"Brady, Glass and Lee",79ecd402-f7ea-4151-b425-528ea2e5d60a,835,3,4 years,Heart partner field behavior.
e268b48f-08fc-4a6c-bd24-c2c7e887b4e3,for,e47c1edb-20eb-4198-9240-d2eef102e20e,Option bad scientist big boy enjoy subject.,Bruce and Sons,fc1f11fd-f498-47d7-b4ce-dd7df4fe51f1,203,10,1 years,Age energy enjoy back leader three.
971d6b4f-6654-4459-8491-a03b50579b28,yes,4daa6022-c797-4c7a-bfaf-8fbf1e9b5b79,Western mean study interesting deal.,Patel-Roth,a484aa7c-94ad-4ccf-97dc-806b807fe0c8,78,14,1 years,Cup here risk feeling.
f639c480-4ac2-4900-bc37-69cd8e29c4e2,foot,11dc016b-0b0c-42ca-9859-166828a66679,Walk himself end image agreement.,"Hines, Williams and Brown",892a0e7a-7c2a-43b5-94f8-7ccd2f8fc629,257,43,4 years,By hospital someone.
c80f97c1-5223-4fb9-ad86-9d50db7032e4,region,2d976bb0-8b05-449d-a7ff-4055bad6293a,Group federal school get.,Schroeder and Sons,29005729-b557-402a-95f0-ca2421694e79,158,42,3 years,Ever enough some suffer there.
c070eb71-de2b-47d5-8f6e-662e57fdf881,natural,d137d414-11b5-4975-ba11-20382e901cc8,Bank would continue town tax seem stay.,Brown-Grant,0fe2c173-7c24-4011-aca9-859e02e1e212,391,8,2 years,Get road simple president leader including.
15a9d3e7-56db-4012-a1f9-528530db6e8f,practice,9fed0b69-2cc7-468a-80a3-5701d1ba180f,Can owner least population she.,"Bowers, Palmer and Wilcox",9693a454-ed2f-47b8-a1e6-d2fb87634302,639,16,3 years,Tv skill help example pick rise walk.
77331409-6cef-413a-b962-f8e5a2c612e3,industry,1b999785-3282-4f1d-ad31-79918f7f9d01,Collection professional hard.,Munoz Ltd,4453d023-c25e-49d7-8b14-737ba6308302,426,70,1 years,Particular building source exist paper most.
2a2dc766-5538-4cc8-8fdd-d2ca60420d2e,administration,c8b733d8-8256-4219-bcd1-8ba8b1ae542d,Care resource view agency east.,Harris-Mills,22517e58-8104-420a-966f-38200c9aaaa1,692,74,1 years,Experience wrong job.
0b4f029c-5165-4de0-a272-0948e35d0a3c,ball,6375c8ef-aba2-4576-9e09-3f06d0ead30a,Environment billion fish traditional than follow receive.,"Turner, Fisher and Price",a1b66da5-a4d3-4f05-b31c-c71381adf9e0,394,92,5 years,Material church citizen animal music increase financial.
1dc60bed-6698-4fdf-af24-6fe01434ed30,accept,8bb658f4-30e6-4b6f-aa9b-78efc90ead5c,And manage particularly decade.,"Morris, Casey and Nelson",fa818d86-5a63-4237-869e-00dff7274321,50,11,5 years,Mind staff evidence own.
b87a587c-ce4c-49ae-b31d-553b0c4916b2,all,3e5e8a30-b88d-42d9-9fe3-7ba37c166b9e,Perform everyone you continue serious good.,Calderon-Perkins,4da940d0-0173-448f-9e45-95817675dfb7,959,14,4 years,When idea to war which here.
a1763d79-6d91-456c-8336-ac21fd7f9715,his,9f7cb940-5979-4c9e-bdec-76b3a6f87c73,Mr of area billion they management least through.,Edwards-Hampton,a7869a8b-eb0b-48f8-becc-7cf31254a68b,401,51,2 years,Fire experience national early as.
dc0ff4e3-89a1-4158-8fad-39e657f378e9,great,d7595ec7-608f-4143-9bf7-1f106802d529,Prepare right choice eye moment strong.,Houston LLC,7a9e6327-b169-46ad-8018-5bd1d155d576,79,23,4 years,Military foot laugh test fact Congress.
d175403c-56d8-40c7-8b7a-6a28ee5937f2,painting,af5103f0-36ab-4e38-9f5c-90a4d4e61762,Center seat professor me.,Johnson Group,05617fbb-a4a8-4923-9c30-cb27913168a2,65,39,4 years,Audience boy relate two.
33f66a3b-2ca3-43b3-b100-50a065d6876a,professor,b64b3dcc-d72b-42be-a28c-68b04cfa386d,Challenge live sometimes attorney hit.,Smith Inc,3777c410-aab5-4c39-bd24-d13704bf5c72,321,13,2 years,Ability stop white future reduce may.
47cd4a90-664b-450d-862d-5767efef8321,hour,1b999785-3282-4f1d-ad31-79918f7f9d01,Hear magazine population senior party close fish commercial.,Gonzalez-Boone,333623a4-15cf-4323-883a-45bb9abe972b,182,83,5 years,Whose sure none build husband bit.
ee79f63c-2255-4655-9199-4717717e81d9,arm,d7595ec7-608f-4143-9bf7-1f106802d529,Five page model make force.,Goodman and Sons,f08875ca-544f-495e-8056-a29d1453a7dc,647,99,3 years,Act name single without she.
a1260cc5-780a-4f39-9e8a-992298280b65,direction,4ed84691-ba9a-402e-811b-deb87b9efb81,Easy central light describe start happy.,Collins Group,de6518a5-cd7b-4061-b6c4-a38d809f92e3,423,12,5 years,Plant receive along everybody.
4f196ca8-1369-4689-88c4-11f9921c0ff3,part,e9f296ca-83b6-4a8e-9059-11585acd487d,Notice society certain local cultural imagine.,Douglas-Floyd,9ac9d1bf-0d07-4272-9108-c2fe58f18eed,998,40,4 years,Free head later often them.
