AccessID,CustomerID,PageViewed,Duration,DeviceType,BrowserType,OperatingSystem,ReferralSource,VisitDate,Geolocation,BounceRate
6cdc102d-72a9-4ae8-921d-d271f5b22e3b,bfbe892e-5d4e-4be1-94a7-49dcf877503e,search,16,"Mozilla/5.0 (X11; Linux x86_64) AppleWebKit/535.2 (KHTML, like Gecko) Chrome/38.0.890.0 Safari/535.2","Mozilla/5.0 (iPad; CPU iPad OS 14_2 like Mac OS X) AppleWebKit/532.1 (KHTML, like Gecko) CriOS/19.0.830.0 Mobile/05C065 Safari/532.1",Mozilla/5.0 (compatible; MSIE 8.0; Windows NT 5.2; Trident/3.1),http://www.hodge.com/search/,14/6/2021,Waltersburgh,56
605918c0-eeb3-4c08-8fd0-9775ffc054d2,1f1e61c2-eda7-41fb-806d-b601731a39a4,post,14,Opera/8.92.(X11; Linux i686; tk-TM) Presto/2.9.188 Version/12.00,Opera/9.92.(X11; Linux i686; szl-PL) Presto/2.9.190 Version/10.00,"Mozilla/5.0 (Windows NT 6.0) AppleWebKit/533.1 (KHTML, like Gecko) Chrome/30.0.840.0 Safari/533.1",https://www.harvey.biz/index/,20/9/2021,East Cindychester,56
d06a158d-89ac-4553-8b2f-d7d80fb49dae,69c86089-a20e-48da-8410-673d651c2a64,about,16,"Mozilla/5.0 (Windows 95) AppleWebKit/532.1 (KHTML, like Gecko) Chrome/41.0.810.0 Safari/532.1","Mozilla/5.0 (iPhone; CPU iPhone OS 10_3_3 like Mac OS X) AppleWebKit/532.2 (KHTML, like Gecko) FxiOS/10.3d7309.0 Mobile/44Y434 Safari/532.2","Mozilla/5.0 (Linux; Android 4.0.1) AppleWebKit/533.2 (KHTML, like Gecko) Chrome/36.0.869.0 Safari/533.2",http://perry.com/author.htm,10/3/2023,South Sharonfort,92
17aa8249-68a9-4425-81b3-4afc84526f2c,ca6b1b38-75a1-4f33-b706-58f743864d62,terms,50,Opera/9.27.(Windows NT 6.1; tt-RU) Presto/2.9.175 Version/10.00,Mozilla/5.0 (compatible; MSIE 8.0; Windows NT 5.01; Trident/3.0),"Mozilla/5.0 (iPhone; CPU iPhone OS 12_4_8 like Mac OS X) AppleWebKit/532.2 (KHTML, like Gecko) CriOS/52.0.864.0 Mobile/41M474 Safari/532.2",https://white-smith.info/,25/8/2022,Danaton,40
cd1c4c8e-dee0-4f61-a0d9-255093766754,50944db6-7a21-40fa-8c60-03464653ca42,index,52,Opera/8.69.(Windows NT 10.0; et-EE) Presto/2.9.169 Version/12.00,Mozilla/5.0 (compatible; MSIE 5.0; Windows NT 6.2; Trident/4.1),Mozilla/5.0 (compatible; MSIE 9.0; Windows NT 5.1; Trident/5.1),http://www.braun.org/privacy/,14/12/2023,Guzmanland,53
00168aff-05a3-4bdf-8cf5-4e82fbfb18c0,81616e4d-21bc-490e-b941-36cfd988a7cc,privacy,33,Mozilla/5.0 (compatible; MSIE 5.0; Windows 98; Trident/5.0),"Mozilla/5.0 (iPhone; CPU iPhone OS 14_2 like Mac OS X) AppleWebKit/531.2 (KHTML, like Gecko) FxiOS/17.3a4529.0 Mobile/50B952 Safari/531.2",Mozilla/5.0 (compatible; MSIE 9.0; Windows NT 4.0; Trident/3.0),https://www.bolton.org/main/explore/app/homepage.htm,15/8/2023,South Carriefurt,54
3a8698ae-f43d-45a3-a0db-ff4d4f3f2342,ed9a8c94-d47b-4127-96c3-c3f80de017b5,author,45,"Mozilla/5.0 (X11; Linux i686) AppleWebKit/536.0 (KHTML, like Gecko) Chrome/36.0.871.0 Safari/536.0",Mozilla/5.0 (Windows NT 5.0; ckb-IQ; rv:1.9.1.20) Gecko/2021-01-29 09:58:34 Firefox/3.8,"Mozilla/5.0 (X11; Linux x86_64) AppleWebKit/531.2 (KHTML, like Gecko) Chrome/35.0.892.0 Safari/531.2",http://graves.com/login/,17/1/2022,Garcialand,88
da7efb99-82ab-4d0a-9d1b-52eb2d446955,2417cb97-e048-46fc-944e-8c336a45a604,category,55,Opera/8.35.(Windows NT 5.01; an-ES) Presto/2.9.176 Version/12.00,Mozilla/5.0 (compatible; MSIE 8.0; Windows NT 6.2; Trident/4.1),Mozilla/5.0 (compatible; MSIE 6.0; Windows CE; Trident/4.1),https://www.schmidt.org/,20/10/2022,Travischester,45
0820ab13-78fb-4016-b704-2dfff064816b,16a3ceb1-ee50-438a-bf02-71bced2f959c,privacy,28,Mozilla/5.0 (compatible; MSIE 9.0; Windows NT 5.01; Trident/5.0),Opera/9.72.(Windows 95; cy-GB) Presto/2.9.175 Version/12.00,Opera/9.51.(Windows NT 6.0; tt-RU) Presto/2.9.181 Version/12.00,http://miller.net/,18/3/2023,North Joelland,58
f5052f12-49d3-4db6-a479-7280f98fb8ee,a5e9243f-87e9-4f3e-b1d9-e920c4af81ff,index,54,Mozilla/5.0 (X11; Linux x86_64; rv:1.9.5.20) Gecko/2013-06-28 14:21:33 Firefox/3.8,Opera/9.25.(X11; Linux x86_64; rw-RW) Presto/2.9.167 Version/10.00,"Mozilla/5.0 (Macintosh; PPC Mac OS X 10_6_4 rv:6.0; sat-IN) AppleWebKit/533.47.5 (KHTML, like Gecko) Version/4.0 Safari/533.47.5",http://www.chavez.com/index.html,8/3/2024,Rochastad,89
bbd7c64a-a47c-4274-9271-1b35cbca1cca,175e8c35-17db-4c6a-93fb-aa2a9519da3d,author,40,Mozilla/5.0 (compatible; MSIE 6.0; Windows 98; Trident/3.1),Opera/8.40.(X11; Linux x86_64; ky-KG) Presto/2.9.170 Version/11.00,"Mozilla/5.0 (iPod; U; CPU iPhone OS 3_0 like Mac OS X; uz-UZ) AppleWebKit/531.32.5 (KHTML, like Gecko) Version/3.0.5 Mobile/8B112 Safari/6531.32.5",http://www.davenport.biz/tags/list/main/,29/6/2023,Campbellbury,58
2a3f37a0-8a2f-42b1-b7b7-a1f4e538305e,7b56fa2c-a281-48ba-8281-f53802e4c229,login,15,"Mozilla/5.0 (iPod; U; CPU iPhone OS 4_3 like Mac OS X; ckb-IQ) AppleWebKit/531.9.1 (KHTML, like Gecko) Version/4.0.5 Mobile/8B118 Safari/6531.9.1",Mozilla/5.0 (X11; Linux x86_64; rv:1.9.7.20) Gecko/2019-02-26 14:18:38 Firefox/3.6.3,"Mozilla/5.0 (iPhone; CPU iPhone OS 5_1_1 like Mac OS X) AppleWebKit/532.0 (KHTML, like Gecko) FxiOS/15.9i4677.0 Mobile/31U663 Safari/532.0",http://hall-bradshaw.net/search/wp-content/post/,21/5/2020,South Heather,23
888232cc-eff7-41e0-9f43-2e13728b9c9a,8e8fd4ed-f4b1-463b-906c-c3c743bce279,post,18,"Mozilla/5.0 (Macintosh; Intel Mac OS X 10_10_2 rv:3.0; wal-ET) AppleWebKit/532.10.6 (KHTML, like Gecko) Version/5.0.5 Safari/532.10.6",Mozilla/5.0 (X11; Linux i686; rv:1.9.7.20) Gecko/2023-06-15 15:28:41 Firefox/3.8,Mozilla/5.0 (compatible; MSIE 9.0; Windows NT 6.1; Trident/3.0),http://cruz.com/blog/list/categories/homepage.jsp,20/10/2021,Patrickhaven,91
22adee0e-69c5-422a-ad46-e408e9504ac2,d8bcfd9f-897c-4b20-a94d-e4ae087f62a1,post,43,"Mozilla/5.0 (Macintosh; PPC Mac OS X 10_6_2 rv:3.0; fo-FO) AppleWebKit/533.37.1 (KHTML, like Gecko) Version/5.1 Safari/533.37.1","Mozilla/5.0 (Macintosh; U; Intel Mac OS X 10_9_4) AppleWebKit/531.2 (KHTML, like Gecko) Chrome/47.0.825.0 Safari/531.2",Opera/8.36.(X11; Linux i686; aa-DJ) Presto/2.9.184 Version/12.00,https://moore-chandler.com/,19/11/2020,New Bryan,0
62f52f27-a7c1-4229-a6d4-1584263cf05d,67f29b4e-8bf5-48c3-b38a-6d3dcd33b58e,search,30,Mozilla/5.0 (Macintosh; U; Intel Mac OS X 10_5_9; rv:1.9.4.20) Gecko/2012-04-18 12:54:36 Firefox/10.0,"Mozilla/5.0 (iPad; CPU iPad OS 9_3_5 like Mac OS X) AppleWebKit/533.1 (KHTML, like Gecko) FxiOS/9.3g6893.0 Mobile/94T073 Safari/533.1",Mozilla/5.0 (compatible; MSIE 8.0; Windows NT 5.0; Trident/3.0),https://campbell-donovan.com/home/,26/12/2020,Nelsonville,64
59b0eda6-9cc8-4daa-b858-4ad01b67cda2,96028c46-f39b-43d9-9b8d-155baf253505,home,19,"Mozilla/5.0 (X11; Linux x86_64) AppleWebKit/532.1 (KHTML, like Gecko) Chrome/50.0.830.0 Safari/532.1",Opera/9.56.(Windows 95; brx-IN) Presto/2.9.163 Version/10.00,"Mozilla/5.0 (Macintosh; U; Intel Mac OS X 10_6_2 rv:4.0; lv-LV) AppleWebKit/532.27.1 (KHTML, like Gecko) Version/4.0.4 Safari/532.27.1",https://archer.org/main.htm,29/7/2023,Timothyville,59
8bb92fda-51f9-4f1e-bdfc-74dde1160723,83bb746e-341c-4a41-bedd-dd55c4cd3e2f,home,16,"Mozilla/5.0 (Windows; U; Windows NT 5.2) AppleWebKit/535.39.1 (KHTML, like Gecko) Version/5.0 Safari/535.39.1","Mozilla/5.0 (Windows NT 4.0) AppleWebKit/532.0 (KHTML, like Gecko) Chrome/47.0.810.0 Safari/532.0",Mozilla/5.0 (compatible; MSIE 8.0; Windows NT 5.2; Trident/5.0),https://johnson.com/search/category/,29/8/2020,Shannonside,81
86b9b7a4-2f69-4d90-a225-c7a8dfc7434a,3e443333-e566-42d5-b03b-e81520bde83a,privacy,51,"Mozilla/5.0 (iPad; CPU iPad OS 7_1_2 like Mac OS X) AppleWebKit/531.0 (KHTML, like Gecko) CriOS/15.0.828.0 Mobile/66X211 Safari/531.0",Mozilla/5.0 (compatible; MSIE 6.0; Windows 98; Trident/5.1),"Mozilla/5.0 (iPod; U; CPU iPhone OS 3_1 like Mac OS X; brx-IN) AppleWebKit/533.19.5 (KHTML, like Gecko) Version/4.0.5 Mobile/8B115 Safari/6533.19.5",http://lindsey.com/tags/categories/list/index/,23/10/2020,Boydmouth,22
9b2cdcc3-6a6e-4903-b3be-0791cf884c76,c258889e-7616-42b6-8993-c2b168096fca,index,1,Opera/9.79.(Windows NT 6.0; az-AZ) Presto/2.9.163 Version/11.00,"Mozilla/5.0 (X11; Linux x86_64) AppleWebKit/532.0 (KHTML, like Gecko) Chrome/29.0.847.0 Safari/532.0",Mozilla/5.0 (compatible; MSIE 5.0; Windows NT 5.01; Trident/5.0),https://wilson.org/privacy/,27/10/2023,North Zachary,52
5e7d0f0a-2a4a-454e-8352-89a3c44a36e5,7cc46f00-d8f1-42d4-bf10-a5fb213a0e5f,search,53,Opera/9.78.(Windows 98; Win 9x 4.90; ca-IT) Presto/2.9.161 Version/12.00,"Mozilla/5.0 (Macintosh; Intel Mac OS X 10_6_6 rv:4.0; fo-FO) AppleWebKit/532.7.7 (KHTML, like Gecko) Version/5.0.5 Safari/532.7.7","Mozilla/5.0 (X11; Linux x86_64) AppleWebKit/531.0 (KHTML, like Gecko) Chrome/43.0.802.0 Safari/531.0",http://valencia.com/home.html,4/2/2023,Lake Jordanbury,72
94248817-9184-476f-a606-2f3380deff5b,f5821c6f-7b51-42b1-86ba-75ec3523c5f2,post,30,Opera/8.19.(X11; Linux x86_64; an-ES) Presto/2.9.170 Version/11.00,"Mozilla/5.0 (Macintosh; U; PPC Mac OS X 10_11_3) AppleWebKit/532.0 (KHTML, like Gecko) Chrome/30.0.843.0 Safari/532.0","Mozilla/5.0 (Macintosh; U; PPC Mac OS X 10_6_8) AppleWebKit/531.0 (KHTML, like Gecko) Chrome/59.0.812.0 Safari/531.0",http://www.boyer.com/tag/tags/main/terms/,2/5/2023,Aliciafort,35
812c3139-4cea-42bd-ae98-fc868fec36d7,8f93a3ae-c3a9-4ea5-8c3c-fad705c57ac6,about,35,"Mozilla/5.0 (Linux; Android 3.2.1) AppleWebKit/535.1 (KHTML, like Gecko) Chrome/15.0.818.0 Safari/535.1",Mozilla/5.0 (compatible; MSIE 8.0; Windows NT 5.1; Trident/3.0),"Mozilla/5.0 (iPhone; CPU iPhone OS 5_1_1 like Mac OS X) AppleWebKit/531.1 (KHTML, like Gecko) CriOS/35.0.898.0 Mobile/81U434 Safari/531.1",http://www.hayes.com/register.htm,10/12/2023,New Amy,39
8c72b121-f444-4778-9779-2750744526d9,f5ba5d28-4985-45de-9ac4-b8f1c09726d3,homepage,40,"Mozilla/5.0 (X11; Linux x86_64) AppleWebKit/531.2 (KHTML, like Gecko) Chrome/46.0.893.0 Safari/531.2",Mozilla/5.0 (compatible; MSIE 7.0; Windows 95; Trident/5.0),Mozilla/5.0 (compatible; MSIE 5.0; Windows NT 10.0; Trident/4.0),http://www.stanton.com/list/category/category/faq.htm,8/12/2023,Dianeville,89
fd326ae1-3e10-488d-877b-5763ef935b52,bf5274ac-12eb-47b8-96d6-c15c15877ad9,terms,60,"Mozilla/5.0 (Macintosh; Intel Mac OS X 10_9_4 rv:5.0; tl-PH) AppleWebKit/534.6.6 (KHTML, like Gecko) Version/5.0 Safari/534.6.6","Mozilla/5.0 (iPhone; CPU iPhone OS 7_1_2 like Mac OS X) AppleWebKit/534.0 (KHTML, like Gecko) FxiOS/11.8h0485.0 Mobile/66X969 Safari/534.0",Opera/9.24.(Windows NT 5.0; sid-ET) Presto/2.9.175 Version/10.00,http://www.brown-johnson.com/category.asp,27/7/2021,East Derrick,2
deb4d870-2d8c-465a-8e36-9d16daa1c4f6,cdfe564c-6f42-42fc-9f6e-f27af004e7b8,terms,30,"Mozilla/5.0 (Macintosh; PPC Mac OS X 10_7_4) AppleWebKit/534.0 (KHTML, like Gecko) Chrome/48.0.861.0 Safari/534.0","Mozilla/5.0 (X11; Linux i686) AppleWebKit/534.0 (KHTML, like Gecko) Chrome/58.0.850.0 Safari/534.0",Opera/9.30.(X11; Linux x86_64; li-BE) Presto/2.9.178 Version/11.00,https://lee.com/main/,29/4/2020,East John,4
09d2af06-4b2b-47ad-b9a1-416e2bbd0800,7d45f20c-fe98-418c-9653-6aca16694c41,post,32,"Mozilla/5.0 (Windows; U; Windows NT 5.2) AppleWebKit/531.20.6 (KHTML, like Gecko) Version/4.0.2 Safari/531.20.6",Opera/9.16.(X11; Linux x86_64; ha-NG) Presto/2.9.184 Version/12.00,Opera/8.72.(X11; Linux x86_64; fy-NL) Presto/2.9.182 Version/10.00,http://www.fleming.com/posts/app/explore/category/,29/6/2023,Kimberlyhaven,90
c77a7f03-d292-4154-9ade-a487445e4f45,5361ed51-3291-4541-8d58-5a10433b3b84,login,34,Opera/9.46.(Windows NT 6.2; ml-IN) Presto/2.9.188 Version/11.00,Opera/9.53.(X11; Linux x86_64; nso-ZA) Presto/2.9.165 Version/11.00,Mozilla/5.0 (Android 8.1.0; Mobile; rv:6.0) Gecko/6.0 Firefox/6.0,https://www.mercer.net/,22/7/2020,Whitakerville,82
2ccd61ca-9053-4861-830c-981b035f6fe5,f3ab50c6-7b4c-4602-82d7-5d1dff5bab76,post,22,Mozilla/5.0 (compatible; MSIE 9.0; Windows NT 5.1; Trident/4.1),"Mozilla/5.0 (iPod; U; CPU iPhone OS 3_2 like Mac OS X; ak-GH) AppleWebKit/535.4.2 (KHTML, like Gecko) Version/4.0.5 Mobile/8B118 Safari/6535.4.2","Mozilla/5.0 (Macintosh; U; PPC Mac OS X 10_9_6 rv:5.0; tcy-IN) AppleWebKit/533.40.5 (KHTML, like Gecko) Version/5.0 Safari/533.40.5",http://www.haney-ellis.com/,14/6/2022,Ryanberg,60
6101a451-2a17-4594-b941-7d313e4a7b5a,417c8b2a-866a-4d09-914b-0861169c89e9,author,45,Mozilla/5.0 (Android 3.2.3; Mobile; rv:48.0) Gecko/48.0 Firefox/48.0,"Mozilla/5.0 (iPad; CPU iPad OS 4_2_1 like Mac OS X) AppleWebKit/535.0 (KHTML, like Gecko) CriOS/48.0.881.0 Mobile/09K808 Safari/535.0",Mozilla/5.0 (compatible; MSIE 7.0; Windows NT 4.0; Trident/5.0),https://www.garcia.com/home.html,5/4/2020,New Melissashire,46
25970272-ba1f-4091-a6a5-a460948d6fb7,ab74912f-4807-442e-8a94-8f8ad3b4a04a,main,44,Opera/9.99.(Windows NT 5.1; fr-CA) Presto/2.9.175 Version/11.00,"Mozilla/5.0 (Windows; U; Windows NT 6.0) AppleWebKit/532.23.5 (KHTML, like Gecko) Version/5.0.4 Safari/532.23.5","Mozilla/5.0 (Windows NT 10.0) AppleWebKit/531.1 (KHTML, like Gecko) Chrome/46.0.862.0 Safari/531.1",http://www.dixon-smith.biz/register.htm,14/7/2021,Rebeccashire,68
f264eb4c-0df7-4d40-add4-288ab185bc42,d5f1f157-96ee-4988-9bc0-b17bee2a743b,privacy,39,Opera/8.45.(Windows 98; ku-TR) Presto/2.9.169 Version/12.00,"Mozilla/5.0 (Linux; Android 3.0) AppleWebKit/531.2 (KHTML, like Gecko) Chrome/20.0.892.0 Safari/531.2",Opera/9.48.(Windows 95; bho-IN) Presto/2.9.170 Version/12.00,https://schmitt.com/author/,11/4/2021,Danfort,56
82839c75-3678-4097-ade5-00452e5282dd,ed9a8c94-d47b-4127-96c3-c3f80de017b5,category,36,"Mozilla/5.0 (X11; Linux x86_64) AppleWebKit/536.2 (KHTML, like Gecko) Chrome/62.0.826.0 Safari/536.2","Mozilla/5.0 (Windows NT 6.1) AppleWebKit/536.0 (KHTML, like Gecko) Chrome/40.0.803.0 Safari/536.0",Mozilla/5.0 (X11; Linux x86_64; rv:1.9.5.20) Gecko/2012-01-23 15:58:22 Firefox/3.6.7,http://www.chang-vargas.org/tags/about/,23/5/2020,Valeriefurt,93
a31d4a60-cfac-4cb3-88dd-f6e0628b1b0f,ad7fbdb0-9fe5-4df7-8d36-b6f9275c7aca,homepage,23,"Mozilla/5.0 (Windows; U; Windows NT 5.0) AppleWebKit/532.11.1 (KHTML, like Gecko) Version/5.0 Safari/532.11.1","Mozilla/5.0 (iPod; U; CPU iPhone OS 3_3 like Mac OS X; bg-BG) AppleWebKit/531.50.5 (KHTML, like Gecko) Version/4.0.5 Mobile/8B116 Safari/6531.50.5","Mozilla/5.0 (iPod; U; CPU iPhone OS 4_3 like Mac OS X; shs-CA) AppleWebKit/532.42.7 (KHTML, like Gecko) Version/4.0.5 Mobile/8B116 Safari/6532.42.7",http://carter.com/about.html,17/1/2024,Port Olivia,9
650d1c90-4ba1-4cc5-ba9e-6ebdf3adcdb1,a59863a0-029a-43e0-9b95-0173e0bc7dd3,category,58,Mozilla/5.0 (X11; Linux i686; rv:1.9.5.20) Gecko/2016-05-30 02:47:10 Firefox/3.8,"Mozilla/5.0 (iPod; U; CPU iPhone OS 3_3 like Mac OS X; st-ZA) AppleWebKit/535.47.1 (KHTML, like Gecko) Version/3.0.5 Mobile/8B115 Safari/6535.47.1",Opera/8.87.(X11; Linux i686; ht-HT) Presto/2.9.160 Version/10.00,http://macias.org/register.html,23/4/2023,Meganton,57
3497af33-fa7a-40fc-8847-422321022863,5e6c258d-688c-45e8-ae97-94d29e027070,homepage,31,Mozilla/5.0 (compatible; MSIE 5.0; Windows NT 6.1; Trident/4.0),Mozilla/5.0 (compatible; MSIE 6.0; Windows CE; Trident/5.1),"Mozilla/5.0 (X11; Linux i686) AppleWebKit/536.1 (KHTML, like Gecko) Chrome/38.0.828.0 Safari/536.1",https://campbell.com/,28/9/2022,New Brandon,77
400cd0fb-ecd9-46fe-9122-16136caf3623,e3b084fe-7044-4b59-bd97-390cd6d59bb6,author,10,Opera/9.10.(Windows NT 5.1; mni-IN) Presto/2.9.162 Version/10.00,"Mozilla/5.0 (Macintosh; Intel Mac OS X 10_5_4) AppleWebKit/535.0 (KHTML, like Gecko) Chrome/38.0.881.0 Safari/535.0",Mozilla/5.0 (Android 9; Mobile; rv:48.0) Gecko/48.0 Firefox/48.0,https://www.hanna-bautista.com/register/,1/6/2021,Danielside,37
3d8294b3-076e-43d8-8706-c3dbef867af0,bca06646-0736-4449-bfd3-a1738305ad9c,privacy,35,Mozilla/5.0 (compatible; MSIE 7.0; Windows 98; Trident/4.1),"Mozilla/5.0 (Windows; U; Windows NT 4.0) AppleWebKit/531.19.7 (KHTML, like Gecko) Version/5.0 Safari/531.19.7","Mozilla/5.0 (iPad; CPU iPad OS 14_2 like Mac OS X) AppleWebKit/533.1 (KHTML, like Gecko) FxiOS/13.7n8303.0 Mobile/14P797 Safari/533.1",https://www.perry-jones.biz/list/wp-content/about.asp,19/1/2024,West Jeffreytown,45
53e62718-7ebe-4f1e-8ab0-8b8478b18438,c4c602ab-9320-4051-b0b6-4d4ca390d431,post,8,Mozilla/5.0 (Macintosh; U; Intel Mac OS X 10_11_7; rv:1.9.3.20) Gecko/2011-10-11 02:16:38 Firefox/3.8,Mozilla/5.0 (Windows CE; doi-IN; rv:1.9.2.20) Gecko/2024-04-13 10:14:06 Firefox/3.6.18,Opera/9.82.(Windows 98; dz-BT) Presto/2.9.189 Version/11.00,https://www.hunter-sims.com/app/wp-content/privacy/,27/9/2020,Port Nicholaschester,48
1d63f961-4c19-4e5d-91e8-145c91f1bb18,f3ab50c6-7b4c-4602-82d7-5d1dff5bab76,terms,43,Opera/9.62.(X11; Linux x86_64; es-EC) Presto/2.9.187 Version/12.00,"Mozilla/5.0 (Windows; U; Windows 98; Win 9x 4.90) AppleWebKit/535.41.4 (KHTML, like Gecko) Version/5.0.4 Safari/535.41.4",Mozilla/5.0 (compatible; MSIE 9.0; Windows NT 5.01; Trident/3.0),http://www.mann.net/blog/tags/wp-content/home/,21/7/2023,South Brentstad,86
a1db6e40-df2a-44ac-a2a2-1a91b6b71f0a,d5f1f157-96ee-4988-9bc0-b17bee2a743b,main,36,Mozilla/5.0 (Windows NT 6.2; sq-AL; rv:1.9.1.20) Gecko/2012-07-28 13:24:52 Firefox/15.0,"Mozilla/5.0 (iPhone; CPU iPhone OS 10_3_4 like Mac OS X) AppleWebKit/531.0 (KHTML, like Gecko) CriOS/46.0.802.0 Mobile/00S910 Safari/531.0",Opera/8.40.(X11; Linux x86_64; dv-MV) Presto/2.9.162 Version/11.00,https://www.krause.com/category/,4/2/2022,Mcconnellborough,29
eef8b1ad-8ce8-40ca-b753-1142bce144ba,4e3385eb-abb9-45a1-98fc-cafaa71b3ed7,index,45,"Mozilla/5.0 (Macintosh; U; PPC Mac OS X 10_6_0) AppleWebKit/535.0 (KHTML, like Gecko) Chrome/45.0.871.0 Safari/535.0",Mozilla/5.0 (Macintosh; PPC Mac OS X 10_8_4; rv:1.9.2.20) Gecko/2023-01-23 18:43:45 Firefox/12.0,"Mozilla/5.0 (Macintosh; U; PPC Mac OS X 10_5_8 rv:6.0; hr-HR) AppleWebKit/533.47.5 (KHTML, like Gecko) Version/4.0 Safari/533.47.5",http://www.walker-ford.com/,14/6/2022,South Craigshire,33
d699b1bf-2b80-4c04-8ac8-a2382bc76911,60fdaf3d-2624-4ea6-990b-8f3e924872b3,terms,38,Mozilla/5.0 (X11; Linux x86_64; rv:1.9.7.20) Gecko/2019-09-16 00:28:45 Firefox/3.8,Mozilla/5.0 (compatible; MSIE 6.0; Windows NT 10.0; Trident/3.1),Opera/9.96.(X11; Linux i686; om-ET) Presto/2.9.184 Version/12.00,http://www.harris-jones.com/author.asp,6/1/2022,Buckleymouth,12
6628a8eb-3738-4ce5-9f67-78badcecd71d,cdfec829-4022-4122-971e-ac224bcba67e,search,46,"Mozilla/5.0 (Macintosh; PPC Mac OS X 10_12_3) AppleWebKit/532.2 (KHTML, like Gecko) Chrome/23.0.867.0 Safari/532.2","Mozilla/5.0 (iPhone; CPU iPhone OS 9_3_5 like Mac OS X) AppleWebKit/534.2 (KHTML, like Gecko) CriOS/54.0.849.0 Mobile/18L479 Safari/534.2",Opera/8.93.(Windows 98; Win 9x 4.90; oc-FR) Presto/2.9.184 Version/11.00,https://powers.info/index/,16/2/2020,Mullinsfurt,94
a8c5bb3f-9f5d-4056-bb99-b92cbf127faa,db98c6e1-828a-45df-8cce-4360dd9f6f51,home,50,Opera/8.21.(Windows CE; lt-LT) Presto/2.9.179 Version/11.00,Mozilla/5.0 (compatible; MSIE 8.0; Windows CE; Trident/5.0),"Mozilla/5.0 (Macintosh; U; Intel Mac OS X 10_8_5 rv:4.0; hsb-DE) AppleWebKit/531.49.1 (KHTML, like Gecko) Version/4.0.5 Safari/531.49.1",https://davidson.com/app/wp-content/about.php,13/2/2020,Hollandstad,17
c9df7cf6-b70a-44ed-b983-7a1c4bbd6096,bdbd1c4c-aa28-40f0-98a4-8c2b6097ba98,category,29,"Mozilla/5.0 (Windows; U; Windows NT 6.1) AppleWebKit/535.11.2 (KHTML, like Gecko) Version/5.0 Safari/535.11.2","Mozilla/5.0 (Windows NT 6.0) AppleWebKit/535.1 (KHTML, like Gecko) Chrome/27.0.848.0 Safari/535.1","Mozilla/5.0 (Linux; Android 2.2.2) AppleWebKit/532.0 (KHTML, like Gecko) Chrome/45.0.826.0 Safari/532.0",http://www.russell.org/blog/search/,22/5/2023,East Peter,96
afc1a79c-d503-40dd-8775-f99068d5d95f,6d386ca5-9934-436f-8ae8-8ea31fde2049,index,26,Opera/8.67.(Windows NT 5.01; fi-FI) Presto/2.9.172 Version/10.00,Mozilla/5.0 (compatible; MSIE 7.0; Windows NT 6.2; Trident/4.0),Mozilla/5.0 (Windows 98; Win 9x 4.90; mag-IN; rv:1.9.0.20) Gecko/2022-11-09 10:04:49 Firefox/3.8,https://www.stephens.com/faq.html,16/5/2021,Port Miranda,41
87e8409c-56b9-4ab7-a184-843b068e52b4,ca83155a-7e16-4b6a-84f5-b2b80ff84815,home,40,Mozilla/5.0 (compatible; MSIE 8.0; Windows NT 6.1; Trident/3.1),Opera/8.54.(Windows NT 5.0; nan-TW) Presto/2.9.176 Version/12.00,Opera/8.79.(Windows NT 6.1; en-CA) Presto/2.9.168 Version/11.00,http://www.ortega.com/,26/5/2020,New Daniel,94
9015b0fd-58c8-49aa-bbe2-128a1a1e461e,1d9c7c3b-d8de-401d-9d50-1d5514a184f3,privacy,32,Mozilla/5.0 (X11; Linux i686; rv:1.9.5.20) Gecko/2022-03-23 07:31:58 Firefox/3.6.20,Opera/8.97.(X11; Linux x86_64; km-KH) Presto/2.9.174 Version/11.00,Mozilla/5.0 (Android 7.1.2; Mobile; rv:29.0) Gecko/29.0 Firefox/29.0,http://stark-allen.com/,7/7/2022,Gonzalezside,3
652efb97-d0e7-4d0a-99ba-4895b6104d0f,1fa070ab-6a99-4ee3-b586-900be4bb8b92,search,16,Mozilla/5.0 (compatible; MSIE 9.0; Windows NT 5.2; Trident/3.0),"Mozilla/5.0 (Macintosh; Intel Mac OS X 10_5_5 rv:2.0; ar-LB) AppleWebKit/535.40.3 (KHTML, like Gecko) Version/4.0.5 Safari/535.40.3",Opera/8.38.(Windows NT 6.2; az-IN) Presto/2.9.166 Version/10.00,http://www.roberts.biz/main.jsp,6/11/2022,Gardnerburgh,1
7d7c0daf-f658-4d1e-ad32-a6555b1fc5ab,e94e3c48-8fba-4c0d-ae87-c651f60ce403,homepage,60,Mozilla/5.0 (compatible; MSIE 9.0; Windows NT 6.1; Trident/5.0),"Mozilla/5.0 (X11; Linux x86_64) AppleWebKit/534.0 (KHTML, like Gecko) Chrome/51.0.890.0 Safari/534.0",Mozilla/5.0 (X11; Linux i686; rv:1.9.5.20) Gecko/2014-12-06 06:15:36 Firefox/3.8,https://mccarthy.net/wp-content/faq/,20/1/2023,New Jacob,73
6cb1757c-7180-4628-b97f-e2b558996ac7,5023cf72-880a-4124-bf23-b6799969dbad,privacy,24,"Mozilla/5.0 (Macintosh; U; Intel Mac OS X 10_5_8 rv:4.0; szl-PL) AppleWebKit/535.12.6 (KHTML, like Gecko) Version/4.0.2 Safari/535.12.6","Mozilla/5.0 (Windows; U; Windows NT 6.0) AppleWebKit/532.49.4 (KHTML, like Gecko) Version/5.1 Safari/532.49.4",Opera/9.62.(Windows NT 5.0; fur-IT) Presto/2.9.164 Version/11.00,https://cunningham-norman.com/homepage.html,10/3/2023,North Tina,94
78017618-2399-439d-a3b9-14b8fa7b9a77,164e4c8e-d091-49ef-93dc-5fe0c475d14c,login,21,"Mozilla/5.0 (Linux; Android 3.2.2) AppleWebKit/534.2 (KHTML, like Gecko) Chrome/22.0.825.0 Safari/534.2",Mozilla/5.0 (compatible; MSIE 7.0; Windows NT 5.1; Trident/5.0),Opera/9.67.(X11; Linux x86_64; ps-AF) Presto/2.9.182 Version/12.00,https://williams.info/,30/9/2020,Nancyville,10
9308e6c2-d745-4c50-a074-1ba523ab160b,3776775e-b113-4781-a38e-b4d503e2b80e,privacy,6,"Mozilla/5.0 (Linux; Android 2.3.3) AppleWebKit/536.0 (KHTML, like Gecko) Chrome/62.0.840.0 Safari/536.0",Mozilla/5.0 (Macintosh; PPC Mac OS X 10_5_0; rv:1.9.2.20) Gecko/2016-03-28 00:50:28 Firefox/3.8,Opera/9.77.(X11; Linux x86_64; as-IN) Presto/2.9.180 Version/12.00,https://www.smith.net/,22/5/2024,West Sandra,15
ed928105-99c0-4d58-8532-b42656819e19,172d0bae-37f5-45ae-88b7-cec6a752b2ae,login,31,Mozilla/5.0 (compatible; MSIE 9.0; Windows NT 10.0; Trident/3.0),Opera/8.79.(Windows NT 5.1; ta-IN) Presto/2.9.167 Version/12.00,"Mozilla/5.0 (iPhone; CPU iPhone OS 10_3_3 like Mac OS X) AppleWebKit/535.2 (KHTML, like Gecko) FxiOS/14.2j0511.0 Mobile/06S787 Safari/535.2",http://meadows.net/,2/10/2022,South Angela,75
e954525c-434a-4b5f-a0b0-78c7ae6c6a3b,0083a1ea-4d4b-4872-9b08-e667c5fd0c94,privacy,9,"Mozilla/5.0 (iPod; U; CPU iPhone OS 3_2 like Mac OS X; pap-AW) AppleWebKit/535.42.1 (KHTML, like Gecko) Version/3.0.5 Mobile/8B117 Safari/6535.42.1",Mozilla/5.0 (Windows CE; ff-SN; rv:1.9.1.20) Gecko/2021-08-24 02:19:28 Firefox/3.6.10,Mozilla/5.0 (X11; Linux i686; rv:1.9.7.20) Gecko/2012-03-20 21:27:31 Firefox/13.0,http://www.gibson-harris.net/list/main/search.html,3/9/2021,East Victoria,40
d18d920c-5622-4760-9275-47b146d0755f,6c3f028a-eaef-4c94-bb6f-d1969ff78d46,author,23,Opera/9.97.(Windows NT 6.0; ast-ES) Presto/2.9.169 Version/12.00,"Mozilla/5.0 (iPad; CPU iPad OS 10_3_3 like Mac OS X) AppleWebKit/534.2 (KHTML, like Gecko) FxiOS/10.1h8306.0 Mobile/84R300 Safari/534.2",Mozilla/5.0 (Macintosh; PPC Mac OS X 10_5_8; rv:1.9.2.20) Gecko/2021-03-08 13:27:20 Firefox/15.0,http://burnett.com/index.html,24/5/2024,Robinbury,100
77feda45-7d77-4893-b67d-95b546e067a8,0f9d6268-5704-4b85-9053-4b550ef04c35,privacy,57,"Mozilla/5.0 (Macintosh; U; PPC Mac OS X 10_5_7) AppleWebKit/531.1 (KHTML, like Gecko) Chrome/38.0.869.0 Safari/531.1",Mozilla/5.0 (compatible; MSIE 6.0; Windows 98; Trident/3.0),Opera/8.98.(Windows 98; Win 9x 4.90; or-IN) Presto/2.9.167 Version/11.00,https://compton.com/tag/app/blog/faq.html,2/4/2022,West Jameston,73
8ff4c3de-9fb1-44c3-807f-d388ce3546ea,0083a1ea-4d4b-4872-9b08-e667c5fd0c94,faq,19,Opera/8.95.(Windows NT 6.1; kw-GB) Presto/2.9.178 Version/11.00,Mozilla/5.0 (compatible; MSIE 5.0; Windows NT 5.2; Trident/3.1),Mozilla/5.0 (compatible; MSIE 7.0; Windows CE; Trident/4.1),http://flores-christian.com/,30/4/2024,Reevesshire,86
5c7ea8d6-cb48-483d-bead-0b44ded701df,82b6ca21-7f2a-421a-a87b-594d135a9aa1,homepage,26,"Mozilla/5.0 (Macintosh; PPC Mac OS X 10_7_4 rv:3.0; ber-DZ) AppleWebKit/535.16.3 (KHTML, like Gecko) Version/5.0.5 Safari/535.16.3","Mozilla/5.0 (Macintosh; Intel Mac OS X 10_11_7 rv:2.0; sr-RS) AppleWebKit/533.31.4 (KHTML, like Gecko) Version/5.0.3 Safari/533.31.4",Opera/8.92.(Windows NT 6.2; uz-UZ) Presto/2.9.175 Version/10.00,http://www.oliver-green.biz/list/search/posts/category.htm,22/6/2023,Danielstad,36
ceaaf769-6124-46b6-aa4f-a7ef2adb38e0,a36057ac-5452-4a28-8387-bb244170718e,category,10,Mozilla/5.0 (compatible; MSIE 7.0; Windows 95; Trident/4.1),Opera/9.26.(Windows NT 6.2; gu-IN) Presto/2.9.176 Version/10.00,Opera/9.53.(X11; Linux i686; gez-ET) Presto/2.9.168 Version/11.00,https://www.kemp.net/main.php,14/8/2021,Michelleberg,69
b175ad10-f8fa-4474-a73f-b276b1301fdb,0f191184-72df-4ed3-96a7-36650280ae66,main,24,"Mozilla/5.0 (iPhone; CPU iPhone OS 5_1_1 like Mac OS X) AppleWebKit/536.1 (KHTML, like Gecko) CriOS/39.0.813.0 Mobile/92N486 Safari/536.1","Mozilla/5.0 (iPad; CPU iPad OS 7_1_2 like Mac OS X) AppleWebKit/531.2 (KHTML, like Gecko) CriOS/36.0.856.0 Mobile/71N159 Safari/531.2","Mozilla/5.0 (iPod; U; CPU iPhone OS 4_3 like Mac OS X; crh-UA) AppleWebKit/533.42.7 (KHTML, like Gecko) Version/4.0.5 Mobile/8B119 Safari/6533.42.7",http://phillips-jackson.info/posts/blog/author.html,9/3/2020,Lynchton,91
3b549f07-b28c-4901-86d0-a333a8138567,f345dc24-76dc-4096-a248-d3cf2dd7511d,index,36,Opera/9.29.(X11; Linux x86_64; si-LK) Presto/2.9.171 Version/12.00,Mozilla/5.0 (compatible; MSIE 7.0; Windows NT 10.0; Trident/5.0),"Mozilla/5.0 (Windows; U; Windows NT 6.0) AppleWebKit/533.42.4 (KHTML, like Gecko) Version/5.0.3 Safari/533.42.4",https://www.sanchez.net/about/,2/9/2023,East Mark,14
2693c6a1-cf60-4a99-b53a-25bf6ccb7f42,5a8604e4-9caa-4e0d-bb84-0c538594aaac,category,25,Mozilla/5.0 (X11; Linux x86_64; rv:1.9.5.20) Gecko/2016-06-20 12:11:23 Firefox/3.8,"Mozilla/5.0 (Windows; U; Windows 98) AppleWebKit/532.40.2 (KHTML, like Gecko) Version/5.0 Safari/532.40.2","Mozilla/5.0 (Windows; U; Windows NT 6.1) AppleWebKit/532.12.4 (KHTML, like Gecko) Version/4.0 Safari/532.12.4",https://www.brewer.com/tag/wp-content/main/author.asp,16/5/2020,South Sarahborough,79
3f793f6e-6507-4e30-a037-5d5ed0ba3b36,61381eb2-786f-4577-8880-e7bf38673b73,home,13,Mozilla/5.0 (Windows NT 6.1; nds-NL; rv:1.9.0.20) Gecko/2018-07-22 14:32:39 Firefox/12.0,"Mozilla/5.0 (Windows; U; Windows NT 5.2) AppleWebKit/534.9.2 (KHTML, like Gecko) Version/4.0 Safari/534.9.2","Mozilla/5.0 (iPad; CPU iPad OS 7_1_2 like Mac OS X) AppleWebKit/532.0 (KHTML, like Gecko) CriOS/41.0.849.0 Mobile/02Q276 Safari/532.0",https://www.estes.net/author.jsp,30/11/2022,Potterchester,74
af237fd7-1f1f-4f0a-a026-5ebcdd08dd66,74ba5e03-211c-44fe-9d7b-65fdd01202c1,index,50,Opera/8.62.(X11; Linux x86_64; ga-IE) Presto/2.9.183 Version/10.00,Mozilla/5.0 (compatible; MSIE 8.0; Windows NT 6.0; Trident/5.0),"Mozilla/5.0 (iPod; U; CPU iPhone OS 3_1 like Mac OS X; ro-RO) AppleWebKit/532.33.1 (KHTML, like Gecko) Version/4.0.5 Mobile/8B114 Safari/6532.33.1",http://www.melton.info/index.asp,3/4/2022,Hendersonside,48
29fba30e-0df7-42d3-a06d-ac834e2d6f8f,2fc904f6-7353-43ed-994b-4c6d85fcba93,main,39,Opera/8.55.(Windows NT 6.2; lb-LU) Presto/2.9.177 Version/11.00,"Mozilla/5.0 (Macintosh; U; PPC Mac OS X 10_10_0 rv:6.0; ig-NG) AppleWebKit/532.13.3 (KHTML, like Gecko) Version/5.0.3 Safari/532.13.3","Mozilla/5.0 (Linux; Android 2.0) AppleWebKit/534.1 (KHTML, like Gecko) Chrome/20.0.841.0 Safari/534.1",https://cook.com/login/,19/12/2023,Fergusonberg,60
3d69bedf-bb04-42eb-b9c8-c82ff016f2fb,f96a3695-0ba0-431f-bff6-0f7ee227359b,main,57,"Mozilla/5.0 (iPhone; CPU iPhone OS 6_1_6 like Mac OS X) AppleWebKit/532.2 (KHTML, like Gecko) CriOS/21.0.859.0 Mobile/57M873 Safari/532.2",Mozilla/5.0 (compatible; MSIE 5.0; Windows 98; Win 9x 4.90; Trident/5.1),Opera/8.76.(X11; Linux i686; ta-LK) Presto/2.9.185 Version/12.00,https://randall.com/register/,1/7/2023,Careystad,36
65ff8392-1866-4535-a3f4-71a5c2993620,dab82f26-ce91-458b-b6e5-d8170eb67dc5,main,20,"Mozilla/5.0 (Windows CE) AppleWebKit/531.0 (KHTML, like Gecko) Chrome/16.0.865.0 Safari/531.0",Mozilla/5.0 (compatible; MSIE 8.0; Windows NT 10.0; Trident/4.0),"Mozilla/5.0 (Linux; Android 5.0.2) AppleWebKit/536.1 (KHTML, like Gecko) Chrome/48.0.825.0 Safari/536.1",https://walton.com/main/terms.jsp,9/5/2022,New Jocelyn,3
48713170-69ae-4a72-a770-eaf8561a7b20,fd070de2-7932-421f-9e8d-a1d1c6835d06,author,40,"Mozilla/5.0 (iPad; CPU iPad OS 14_2_1 like Mac OS X) AppleWebKit/536.0 (KHTML, like Gecko) FxiOS/10.9a1298.0 Mobile/69U093 Safari/536.0",Opera/9.59.(Windows NT 5.0; hr-HR) Presto/2.9.168 Version/11.00,Opera/8.15.(X11; Linux i686; sk-SK) Presto/2.9.178 Version/10.00,http://www.smith.com/author/,4/12/2023,Gregorymouth,88
c3a38253-e3fc-41bc-a3c6-2a28c8746c45,89ed9317-2e74-444f-b976-9da8ba192172,index,49,"Mozilla/5.0 (Macintosh; PPC Mac OS X 10_7_4 rv:2.0; sk-SK) AppleWebKit/534.26.6 (KHTML, like Gecko) Version/4.0.2 Safari/534.26.6","Mozilla/5.0 (Macintosh; U; PPC Mac OS X 10_10_2) AppleWebKit/536.2 (KHTML, like Gecko) Chrome/33.0.812.0 Safari/536.2","Mozilla/5.0 (Macintosh; Intel Mac OS X 10_11_8 rv:3.0; en-IE) AppleWebKit/535.36.3 (KHTML, like Gecko) Version/4.0.5 Safari/535.36.3",https://www.farmer.net/categories/category/wp-content/register.html,29/8/2023,Davidhaven,97
1fab5c6b-352d-42f5-9f03-a98126c18ff4,bfbe892e-5d4e-4be1-94a7-49dcf877503e,faq,38,Opera/9.30.(Windows NT 5.1; lij-IT) Presto/2.9.176 Version/12.00,Opera/9.71.(X11; Linux x86_64; ckb-IQ) Presto/2.9.164 Version/10.00,Opera/9.47.(Windows NT 10.0; wa-BE) Presto/2.9.182 Version/12.00,http://www.marshall-barnes.com/,26/8/2020,South Stephen,56
7dea9245-37f7-459e-9a6d-7b4406d657dd,6af371d0-bbd1-4ee6-a1ba-61d5a2f4ec16,main,19,"Mozilla/5.0 (Windows; U; Windows NT 5.01) AppleWebKit/534.49.7 (KHTML, like Gecko) Version/4.0.3 Safari/534.49.7",Opera/9.22.(Windows NT 5.1; mni-IN) Presto/2.9.167 Version/11.00,Mozilla/5.0 (compatible; MSIE 8.0; Windows NT 5.01; Trident/4.0),http://www.nelson-chang.com/category/tag/category.html,10/2/2024,East Grantfurt,67
15bb4e06-4969-4524-ae03-865007cb9888,f6514d15-db54-40d1-966e-9bbd7310bf32,terms,19,"Mozilla/5.0 (iPad; CPU iPad OS 5_1_1 like Mac OS X) AppleWebKit/532.2 (KHTML, like Gecko) FxiOS/10.1p7222.0 Mobile/41S285 Safari/532.2","Mozilla/5.0 (Macintosh; PPC Mac OS X 10_11_1 rv:2.0; ne-NP) AppleWebKit/535.39.7 (KHTML, like Gecko) Version/5.1 Safari/535.39.7",Opera/8.84.(X11; Linux i686; ce-RU) Presto/2.9.174 Version/10.00,http://www.lopez.net/author.html,3/11/2022,Garciaton,61
4e3e7230-8dee-4ebb-bb91-7c1b10308b23,442548a8-3f33-4e0c-8a8d-44a7b3108e1c,homepage,45,Opera/8.33.(Windows NT 4.0; fil-PH) Presto/2.9.178 Version/12.00,"Mozilla/5.0 (Macintosh; PPC Mac OS X 10_10_7) AppleWebKit/534.0 (KHTML, like Gecko) Chrome/19.0.816.0 Safari/534.0","Mozilla/5.0 (Windows NT 5.1) AppleWebKit/536.0 (KHTML, like Gecko) Chrome/35.0.846.0 Safari/536.0",https://www.blake-moore.net/tag/homepage.asp,15/10/2021,Port Jamesburgh,33
662f55f3-7dbb-45d7-849a-eec6ce32523c,e956f884-c8d2-4818-9c47-f430f4df09f3,register,41,Mozilla/5.0 (compatible; MSIE 6.0; Windows NT 5.2; Trident/3.1),Mozilla/5.0 (compatible; MSIE 8.0; Windows CE; Trident/3.0),Mozilla/5.0 (compatible; MSIE 6.0; Windows NT 5.0; Trident/3.0),http://williams.biz/faq/,16/6/2022,Vickieberg,17
229516b7-5eaf-4d11-8da2-d4a96865ebc1,4941adfe-daa5-448a-b5c8-5bb29a221cb8,login,60,"Mozilla/5.0 (Windows; U; Windows 98) AppleWebKit/532.22.4 (KHTML, like Gecko) Version/4.1 Safari/532.22.4","Mozilla/5.0 (Windows; U; Windows NT 6.2) AppleWebKit/534.39.7 (KHTML, like Gecko) Version/5.0.5 Safari/534.39.7","Mozilla/5.0 (iPod; U; CPU iPhone OS 4_2 like Mac OS X; nl-BE) AppleWebKit/531.39.7 (KHTML, like Gecko) Version/3.0.5 Mobile/8B116 Safari/6531.39.7",https://www.jennings.info/posts/tags/about.html,8/5/2021,Davisborough,62
999559e0-c2a7-4792-9305-d8bad5bcdcf6,b7cfa130-64fc-4335-a1c2-7d346a6eef68,home,16,"Mozilla/5.0 (Linux; Android 1.5) AppleWebKit/533.0 (KHTML, like Gecko) Chrome/36.0.842.0 Safari/533.0",Mozilla/5.0 (X11; Linux x86_64; rv:1.9.7.20) Gecko/2014-10-06 06:14:40 Firefox/3.6.4,Mozilla/5.0 (X11; Linux x86_64; rv:1.9.5.20) Gecko/2015-09-30 14:14:47 Firefox/3.6.5,http://arnold-walls.com/author/,12/12/2023,Kimberlyview,23
122bf58e-dd3a-457b-9985-89ccb7bc0f90,b678d350-532a-4c60-b989-3a66232383c7,about,16,Mozilla/5.0 (X11; Linux x86_64; rv:1.9.5.20) Gecko/2010-12-05 19:29:07 Firefox/3.6.8,Opera/9.76.(Windows NT 10.0; os-RU) Presto/2.9.162 Version/10.00,"Mozilla/5.0 (Macintosh; U; PPC Mac OS X 10_12_4) AppleWebKit/532.1 (KHTML, like Gecko) Chrome/22.0.853.0 Safari/532.1",http://young-barker.biz/categories/home.htm,9/4/2021,Theodoremouth,6
ff278bbb-8190-44aa-bbed-21512b5ca16f,b8fc881f-0b41-4665-80cb-7b4a56f8cff3,main,12,Mozilla/5.0 (compatible; MSIE 9.0; Windows NT 10.0; Trident/4.0),Mozilla/5.0 (X11; Linux i686; rv:1.9.7.20) Gecko/2016-08-25 15:46:05 Firefox/3.6.10,Mozilla/5.0 (compatible; MSIE 5.0; Windows 98; Win 9x 4.90; Trident/4.0),https://www.horne.net/privacy.jsp,30/12/2022,Shepardborough,16
0a90243f-9c9a-4602-aac2-72c1b276a44d,be2dea76-b010-4da2-840d-4a0c6a81506d,main,51,Mozilla/5.0 (Macintosh; PPC Mac OS X 10_10_5; rv:1.9.2.20) Gecko/2021-09-02 05:25:05 Firefox/3.8,"Mozilla/5.0 (iPod; U; CPU iPhone OS 3_0 like Mac OS X; as-IN) AppleWebKit/531.43.3 (KHTML, like Gecko) Version/3.0.5 Mobile/8B119 Safari/6531.43.3","Mozilla/5.0 (Macintosh; U; PPC Mac OS X 10_7_7 rv:4.0; bn-IN) AppleWebKit/531.18.5 (KHTML, like Gecko) Version/5.1 Safari/531.18.5",https://www.gomez.com/post/,2/9/2023,East Adamfurt,10
00c1bf7d-cbf8-4944-9b17-4c1e01671464,d7d46fd1-44c7-404b-9356-6d261ffb3a04,post,5,Mozilla/5.0 (Windows NT 6.0; raj-IN; rv:1.9.2.20) Gecko/2016-04-20 22:52:50 Firefox/12.0,Opera/8.76.(Windows NT 10.0; sd-PK) Presto/2.9.176 Version/10.00,Mozilla/5.0 (Android 4.0.2; Mobile; rv:8.0) Gecko/8.0 Firefox/8.0,https://www.wong-williams.com/app/app/author/,6/3/2024,West Thomasshire,38
68ffcaf2-d12f-480e-91b6-273f21ea01db,ef635278-c0e8-40fa-93c1-fade00125713,author,10,Mozilla/5.0 (compatible; MSIE 9.0; Windows NT 5.01; Trident/3.1),Mozilla/5.0 (Android 4.0.1; Mobile; rv:21.0) Gecko/21.0 Firefox/21.0,Opera/9.84.(Windows NT 6.2; eu-ES) Presto/2.9.167 Version/11.00,http://www.gates.com/wp-content/faq.php,28/11/2023,North Brendatown,46
2e760dd9-de27-49ae-88c6-dc906dd5c3b5,27cfbed3-0efc-47fd-8a03-880a40a31efa,post,23,"Mozilla/5.0 (Windows; U; Windows NT 5.0) AppleWebKit/531.40.5 (KHTML, like Gecko) Version/5.0 Safari/531.40.5",Mozilla/5.0 (X11; Linux x86_64; rv:1.9.5.20) Gecko/2023-09-06 07:05:21 Firefox/3.6.11,Mozilla/5.0 (Android 2.2.2; Mobile; rv:64.0) Gecko/64.0 Firefox/64.0,http://www.bryant-lee.com/about/,16/11/2022,Paulburgh,73
e21cb03e-1972-47dc-a33e-a46e5463e71d,f6514d15-db54-40d1-966e-9bbd7310bf32,faq,6,Opera/8.31.(X11; Linux i686; el-CY) Presto/2.9.179 Version/10.00,Mozilla/5.0 (Android 1.5; Mobile; rv:55.0) Gecko/55.0 Firefox/55.0,Mozilla/5.0 (compatible; MSIE 6.0; Windows NT 10.0; Trident/4.1),https://www.harris-anderson.com/list/tag/category/homepage/,8/12/2022,Jamesstad,69
8c660010-7fea-4191-8633-e688dd958e8d,970f35bf-48be-415e-a7e6-b2135bba01d0,post,58,Opera/9.19.(Windows 98; Win 9x 4.90; gl-ES) Presto/2.9.177 Version/10.00,Opera/9.84.(X11; Linux i686; nb-NO) Presto/2.9.171 Version/10.00,"Mozilla/5.0 (X11; Linux i686) AppleWebKit/534.2 (KHTML, like Gecko) Chrome/38.0.886.0 Safari/534.2",https://rogers.com/search/main/search.jsp,16/10/2021,Port Jonathan,35
b6669fa7-3ff4-46dd-a6eb-201c9662e862,2008b0b6-136a-44b9-95f6-9e1abadbe9d2,privacy,48,"Mozilla/5.0 (Macintosh; U; Intel Mac OS X 10_12_1 rv:4.0; nl-BE) AppleWebKit/533.50.3 (KHTML, like Gecko) Version/4.1 Safari/533.50.3",Mozilla/5.0 (compatible; MSIE 7.0; Windows NT 5.01; Trident/4.0),"Mozilla/5.0 (iPod; U; CPU iPhone OS 3_1 like Mac OS X; kok-IN) AppleWebKit/532.50.7 (KHTML, like Gecko) Version/3.0.5 Mobile/8B119 Safari/6532.50.7",http://www.reilly-rhodes.net/list/homepage.php,28/4/2023,North Amanda,15
1a3bbc0f-b518-4726-bf66-ff7b90639641,c8fa4b76-589c-4744-b563-5faab713cc1b,home,28,"Mozilla/5.0 (Linux; Android 3.0) AppleWebKit/535.1 (KHTML, like Gecko) Chrome/41.0.831.0 Safari/535.1",Mozilla/5.0 (Windows 95; af-ZA; rv:1.9.2.20) Gecko/2019-08-31 21:56:14 Firefox/3.8,"Mozilla/5.0 (Macintosh; PPC Mac OS X 10_12_4) AppleWebKit/536.2 (KHTML, like Gecko) Chrome/55.0.818.0 Safari/536.2",https://cohen.com/tag/posts/tag/faq/,21/4/2021,Amybury,73
9431be8d-1c1e-4ea9-9dac-44d457648a08,14b2cb71-5cda-4818-bb6e-202af3d9f08e,homepage,15,"Mozilla/5.0 (Windows 98) AppleWebKit/532.0 (KHTML, like Gecko) Chrome/38.0.892.0 Safari/532.0",Mozilla/5.0 (compatible; MSIE 5.0; Windows NT 6.1; Trident/3.0),"Mozilla/5.0 (Macintosh; U; Intel Mac OS X 10_10_0) AppleWebKit/535.1 (KHTML, like Gecko) Chrome/26.0.840.0 Safari/535.1",http://www.collins.com/category.html,25/12/2020,East Dennismouth,97
3cae1f71-4104-481b-95bb-57efea0778d1,175e8c35-17db-4c6a-93fb-aa2a9519da3d,homepage,6,"Mozilla/5.0 (Windows; U; Windows CE) AppleWebKit/532.33.2 (KHTML, like Gecko) Version/5.1 Safari/532.33.2","Mozilla/5.0 (Macintosh; Intel Mac OS X 10_11_1 rv:6.0; pap-AN) AppleWebKit/535.45.4 (KHTML, like Gecko) Version/4.0.2 Safari/535.45.4","Mozilla/5.0 (Macintosh; PPC Mac OS X 10_8_2 rv:5.0; ky-KG) AppleWebKit/533.40.3 (KHTML, like Gecko) Version/5.0 Safari/533.40.3",http://murray-santiago.com/explore/tags/post.html,27/5/2023,West Robert,36
f147b56f-07b2-4e2e-96a5-0dd3e7a8709b,368cf1b8-9584-4c78-bd83-07d05541953e,author,9,"Mozilla/5.0 (Linux; Android 2.0) AppleWebKit/533.0 (KHTML, like Gecko) Chrome/54.0.850.0 Safari/533.0","Mozilla/5.0 (Linux; Android 2.3.5) AppleWebKit/531.1 (KHTML, like Gecko) Chrome/30.0.803.0 Safari/531.1",Opera/9.12.(Windows NT 10.0; ur-PK) Presto/2.9.183 Version/10.00,http://jones-pierce.com/posts/faq.php,23/4/2021,Zamoramouth,83
d2ff5e24-99a7-4f72-ab5f-ab177002a928,7f43d94f-c44e-4828-9f41-c9cbe54d3993,register,45,"Mozilla/5.0 (Linux; Android 6.0.1) AppleWebKit/535.0 (KHTML, like Gecko) Chrome/26.0.866.0 Safari/535.0","Mozilla/5.0 (Windows; U; Windows NT 6.1) AppleWebKit/532.21.5 (KHTML, like Gecko) Version/5.0 Safari/532.21.5",Mozilla/5.0 (Android 2.0; Mobile; rv:24.0) Gecko/24.0 Firefox/24.0,https://www.fields-rivera.com/wp-content/search/homepage.html,26/2/2024,Mosshaven,48
55daf319-6a83-4ac5-9193-deb9f90b8706,179841e5-6fe3-48bf-a8ef-d10dd00f0cd5,terms,21,Mozilla/5.0 (compatible; MSIE 5.0; Windows NT 6.2; Trident/4.0),Opera/9.50.(X11; Linux x86_64; as-IN) Presto/2.9.178 Version/12.00,Mozilla/5.0 (compatible; MSIE 6.0; Windows NT 6.2; Trident/5.1),https://villarreal.com/list/app/home.html,23/4/2022,Longshire,97
5371f41b-bd7f-4f22-ab1e-23a679409249,59e32eb2-3110-4024-a959-a4756e0e951b,index,44,"Mozilla/5.0 (Windows; U; Windows 95) AppleWebKit/531.2.1 (KHTML, like Gecko) Version/4.0.2 Safari/531.2.1","Mozilla/5.0 (Windows; U; Windows NT 5.0) AppleWebKit/535.39.7 (KHTML, like Gecko) Version/5.1 Safari/535.39.7","Mozilla/5.0 (X11; Linux x86_64) AppleWebKit/535.2 (KHTML, like Gecko) Chrome/47.0.823.0 Safari/535.2",http://www.anderson.com/blog/tags/tag/index.htm,7/7/2020,Scottchester,66
5844ae0a-3f4e-495e-a6ea-a1ae4e0e0230,550d31cc-66b4-4894-9a1f-63d22340ef01,search,50,Opera/9.12.(X11; Linux i686; ss-ZA) Presto/2.9.185 Version/10.00,"Mozilla/5.0 (X11; Linux i686) AppleWebKit/536.1 (KHTML, like Gecko) Chrome/50.0.856.0 Safari/536.1",Mozilla/5.0 (Macintosh; PPC Mac OS X 10_6_9; rv:1.9.6.20) Gecko/2013-03-08 02:13:20 Firefox/3.8,http://bird.com/categories/tags/tags/faq/,13/4/2022,Ellisfurt,95
a0364bf6-53bc-41cf-8b0a-16c17674b01f,782acb19-4334-49de-8ba8-2005ad557b08,author,8,Mozilla/5.0 (compatible; MSIE 6.0; Windows NT 5.2; Trident/4.0),Mozilla/5.0 (compatible; MSIE 9.0; Windows 95; Trident/5.0),"Mozilla/5.0 (iPod; U; CPU iPhone OS 4_2 like Mac OS X; csb-PL) AppleWebKit/532.3.5 (KHTML, like Gecko) Version/4.0.5 Mobile/8B117 Safari/6532.3.5",http://www.koch.com/wp-content/category/blog/register.jsp,16/9/2022,Port Allison,88
e6017653-6903-4d11-bfae-7a327482c64e,553a7aa2-a21e-4c61-ba50-7e989b15dd34,faq,50,Mozilla/5.0 (Macintosh; Intel Mac OS X 10_5_4; rv:1.9.2.20) Gecko/2022-12-30 11:36:08 Firefox/14.0,"Mozilla/5.0 (Windows NT 6.1) AppleWebKit/535.0 (KHTML, like Gecko) Chrome/51.0.870.0 Safari/535.0",Opera/9.47.(X11; Linux x86_64; the-NP) Presto/2.9.178 Version/12.00,https://www.martin.com/,3/6/2024,Sarahfurt,74
651663a5-2833-4456-bb29-b85aa1093841,c22baf7b-b8d1-4a6d-ab7f-acdbfdf22954,home,37,Mozilla/5.0 (compatible; MSIE 8.0; Windows NT 6.2; Trident/5.1),"Mozilla/5.0 (Macintosh; Intel Mac OS X 10_8_5 rv:5.0; rw-RW) AppleWebKit/532.46.1 (KHTML, like Gecko) Version/5.0.3 Safari/532.46.1","Mozilla/5.0 (iPod; U; CPU iPhone OS 4_3 like Mac OS X; dv-MV) AppleWebKit/531.20.6 (KHTML, like Gecko) Version/4.0.5 Mobile/8B119 Safari/6531.20.6",http://www.huffman.net/privacy.htm,24/10/2020,Derekborough,66
ee894d80-0e36-449a-be57-193cebb73211,d2222200-c550-4541-bf12-866030087ddf,terms,42,Mozilla/5.0 (compatible; MSIE 5.0; Windows NT 5.01; Trident/5.1),Opera/9.22.(X11; Linux i686; ckb-IQ) Presto/2.9.166 Version/12.00,Mozilla/5.0 (compatible; MSIE 8.0; Windows NT 5.2; Trident/3.0),https://hernandez.org/author.asp,30/4/2024,West Katherinechester,15
b26aff5b-9dd2-4adc-ba6c-ac11be7ecf5b,ca49d86f-ab6f-42fc-9660-57db43d5425f,category,41,Mozilla/5.0 (compatible; MSIE 9.0; Windows 98; Trident/5.1),"Mozilla/5.0 (Windows NT 6.0) AppleWebKit/534.2 (KHTML, like Gecko) Chrome/38.0.897.0 Safari/534.2","Mozilla/5.0 (Windows; U; Windows NT 5.0) AppleWebKit/533.6.2 (KHTML, like Gecko) Version/4.0.4 Safari/533.6.2",https://www.ellis.com/main/list/author/,6/12/2021,Lake Bonniehaven,86
51025153-c13a-4151-a066-3029634a8de5,7f6dca7a-849a-46b7-b5a9-6a235c466564,about,20,"Mozilla/5.0 (iPod; U; CPU iPhone OS 3_3 like Mac OS X; ky-KG) AppleWebKit/531.42.2 (KHTML, like Gecko) Version/4.0.5 Mobile/8B116 Safari/6531.42.2",Mozilla/5.0 (X11; Linux i686; rv:1.9.5.20) Gecko/2015-12-21 16:09:11 Firefox/15.0,Opera/9.60.(Windows NT 10.0; et-EE) Presto/2.9.175 Version/10.00,https://www.spencer.com/homepage.jsp,12/5/2022,Davisbury,9
5d6317dd-afd2-40e2-8afc-b81a2c5fc6f8,7b945c54-ca71-468c-a8f1-db0a479f87ee,search,32,"Mozilla/5.0 (Macintosh; U; Intel Mac OS X 10_10_2 rv:4.0; mk-MK) AppleWebKit/535.19.5 (KHTML, like Gecko) Version/5.0.4 Safari/535.19.5","Mozilla/5.0 (Windows; U; Windows NT 6.2) AppleWebKit/535.32.7 (KHTML, like Gecko) Version/5.0 Safari/535.32.7",Mozilla/5.0 (compatible; MSIE 5.0; Windows NT 5.1; Trident/4.1),http://www.lowe.biz/list/list/main/terms.html,2/1/2022,Lake David,4
bc251a63-1bfe-44e2-a7c0-84ad23069478,eb10e069-5ca5-4993-bd2c-576ca51178d7,main,15,"Mozilla/5.0 (iPhone; CPU iPhone OS 6_1_6 like Mac OS X) AppleWebKit/533.2 (KHTML, like Gecko) CriOS/61.0.840.0 Mobile/73O948 Safari/533.2","Mozilla/5.0 (iPod; U; CPU iPhone OS 3_1 like Mac OS X; crh-UA) AppleWebKit/531.50.5 (KHTML, like Gecko) Version/3.0.5 Mobile/8B114 Safari/6531.50.5","Mozilla/5.0 (X11; Linux x86_64) AppleWebKit/536.0 (KHTML, like Gecko) Chrome/33.0.887.0 Safari/536.0",http://herrera.biz/explore/tag/main/privacy.php,30/5/2020,Mccormickmouth,72
4de85318-6ff8-4b20-8cb7-a77757b764be,7fbec08f-7551-46c1-a5c4-f413facd84d6,search,55,"Mozilla/5.0 (iPhone; CPU iPhone OS 12_4_8 like Mac OS X) AppleWebKit/532.1 (KHTML, like Gecko) CriOS/47.0.822.0 Mobile/30Q786 Safari/532.1",Mozilla/5.0 (X11; Linux i686; rv:1.9.7.20) Gecko/2010-12-08 12:31:03 Firefox/3.6.6,Mozilla/5.0 (Macintosh; U; PPC Mac OS X 10_6_5; rv:1.9.5.20) Gecko/2015-10-28 11:28:48 Firefox/3.6.1,https://humphrey-smith.com/,4/3/2023,Kellyville,81
82ee5f91-b299-4883-830f-b8f37396cd87,0ce76e57-0515-45dc-8546-f9b70e1e4f3d,author,38,"Mozilla/5.0 (Windows 98; Win 9x 4.90) AppleWebKit/532.0 (KHTML, like Gecko) Chrome/46.0.884.0 Safari/532.0",Mozilla/5.0 (Macintosh; Intel Mac OS X 10_10_9; rv:1.9.3.20) Gecko/2014-11-17 06:18:47 Firefox/5.0,"Mozilla/5.0 (iPad; CPU iPad OS 5_1_1 like Mac OS X) AppleWebKit/533.1 (KHTML, like Gecko) FxiOS/18.0c0811.0 Mobile/28Q749 Safari/533.1",http://henry.com/,1/1/2024,Lake Diana,85
42a65116-dc58-4e97-9c91-bc3bb3cfe22d,8cced68e-4c5c-47cf-b16b-c080eea13b79,main,7,Opera/8.93.(X11; Linux i686; gv-GB) Presto/2.9.177 Version/11.00,Mozilla/5.0 (compatible; MSIE 7.0; Windows NT 5.0; Trident/3.0),"Mozilla/5.0 (Macintosh; PPC Mac OS X 10_10_1) AppleWebKit/533.0 (KHTML, like Gecko) Chrome/60.0.857.0 Safari/533.0",https://www.thompson.com/explore/tag/app/category.jsp,12/8/2023,South Sheila,25
1355b933-bf35-4b71-b03e-3fd9fba24d17,8977a208-1c0f-4666-9f49-a97fa52cb96c,main,11,Mozilla/5.0 (Macintosh; U; Intel Mac OS X 10_7_2; rv:1.9.2.20) Gecko/2016-09-24 16:20:30 Firefox/3.6.9,Mozilla/5.0 (compatible; MSIE 6.0; Windows NT 6.0; Trident/4.1),"Mozilla/5.0 (iPod; U; CPU iPhone OS 4_1 like Mac OS X; lv-LV) AppleWebKit/532.16.6 (KHTML, like Gecko) Version/4.0.5 Mobile/8B111 Safari/6532.16.6",https://henderson-gonzales.biz/blog/index/,1/1/2023,Lake Melissa,11
ed7b35f5-c9bf-4aaf-b291-db32cabb0621,31a5d298-f5df-4427-8893-80421b67fb99,privacy,26,Opera/9.15.(X11; Linux x86_64; ne-NP) Presto/2.9.176 Version/12.00,Mozilla/5.0 (X11; Linux x86_64; rv:1.9.7.20) Gecko/2018-12-06 17:33:11 Firefox/5.0,Opera/8.78.(Windows NT 10.0; cmn-TW) Presto/2.9.179 Version/10.00,https://www.preston.net/app/main/app/login/,7/10/2020,West Randall,8
9371de99-0b6b-4e22-ba05-741a9fb9ed82,8a9a756f-2961-4238-8368-2971d85322d7,index,31,Mozilla/5.0 (Macintosh; U; PPC Mac OS X 10_8_6; rv:1.9.5.20) Gecko/2024-03-10 23:14:04 Firefox/5.0,"Mozilla/5.0 (Linux; Android 4.2.2) AppleWebKit/533.0 (KHTML, like Gecko) Chrome/34.0.867.0 Safari/533.0","Mozilla/5.0 (Macintosh; U; Intel Mac OS X 10_8_9) AppleWebKit/531.1 (KHTML, like Gecko) Chrome/51.0.887.0 Safari/531.1",https://www.massey.com/search/explore/tags/category/,28/8/2021,Lucashaven,95
3a2144d9-9d6d-44db-b0ad-869440b19891,0303fa66-f809-4fca-8ca0-c15fd5a9f60d,main,46,"Mozilla/5.0 (Windows; U; Windows NT 4.0) AppleWebKit/532.26.2 (KHTML, like Gecko) Version/4.1 Safari/532.26.2",Mozilla/5.0 (Windows 98; Win 9x 4.90; he-IL; rv:1.9.2.20) Gecko/2020-02-20 19:39:54 Firefox/3.6.20,"Mozilla/5.0 (iPhone; CPU iPhone OS 3_1_3 like Mac OS X) AppleWebKit/534.1 (KHTML, like Gecko) FxiOS/16.7a3122.0 Mobile/35M497 Safari/534.1",https://www.ramos.org/category/about/,29/6/2020,North John,0
bb74a3b2-1957-4ede-a28b-31374bb8b652,f6514d15-db54-40d1-966e-9bbd7310bf32,search,19,"Mozilla/5.0 (Linux; Android 2.0) AppleWebKit/534.1 (KHTML, like Gecko) Chrome/53.0.875.0 Safari/534.1","Mozilla/5.0 (Macintosh; Intel Mac OS X 10_10_8 rv:3.0; hak-TW) AppleWebKit/534.22.2 (KHTML, like Gecko) Version/4.1 Safari/534.22.2","Mozilla/5.0 (Windows; U; Windows NT 6.1) AppleWebKit/534.43.2 (KHTML, like Gecko) Version/5.1 Safari/534.43.2",https://www.potter.org/,10/5/2020,Lisashire,40
c001d04b-ed1b-430d-bddd-b4f19f043db5,5fc41711-0d31-4f6b-84b3-9cf110934027,privacy,25,Mozilla/5.0 (compatible; MSIE 8.0; Windows NT 6.2; Trident/5.1),Opera/8.94.(X11; Linux x86_64; cs-CZ) Presto/2.9.175 Version/10.00,"Mozilla/5.0 (Linux; Android 3.0) AppleWebKit/535.2 (KHTML, like Gecko) Chrome/53.0.862.0 Safari/535.2",http://www.taylor-romero.com/,11/1/2024,Newmanberg,13
8c7e55df-2836-4e4a-8308-2de448cc424c,12826359-191d-4e4a-84a7-ad0df9826332,about,31,Opera/9.71.(Windows NT 6.2; ks-IN) Presto/2.9.161 Version/11.00,Opera/9.62.(X11; Linux i686; ff-SN) Presto/2.9.185 Version/11.00,Mozilla/5.0 (Macintosh; U; Intel Mac OS X 10_8_6; rv:1.9.6.20) Gecko/2023-01-18 03:35:03 Firefox/3.6.8,https://jones.com/terms/,27/8/2023,New Christinechester,68
437ec141-6414-4503-9024-02e79885923a,e1dd1ad1-bdb5-4f08-bf07-68f8c16a099e,main,51,Opera/9.29.(X11; Linux x86_64; fi-FI) Presto/2.9.185 Version/10.00,Mozilla/5.0 (X11; Linux x86_64; rv:1.9.7.20) Gecko/2019-12-30 01:14:06 Firefox/10.0,Opera/8.58.(Windows NT 6.0; sk-SK) Presto/2.9.185 Version/12.00,https://www.williams.biz/tag/tag/category/category.html,12/5/2024,East Brianport,32
6bb176f8-2ddd-4670-9a69-09721545e6a2,5e6c258d-688c-45e8-ae97-94d29e027070,about,6,"Mozilla/5.0 (Windows NT 5.01) AppleWebKit/535.0 (KHTML, like Gecko) Chrome/45.0.851.0 Safari/535.0",Opera/9.36.(Windows NT 6.1; id-ID) Presto/2.9.175 Version/11.00,"Mozilla/5.0 (iPod; U; CPU iPhone OS 3_3 like Mac OS X; ku-TR) AppleWebKit/534.7.7 (KHTML, like Gecko) Version/4.0.5 Mobile/8B112 Safari/6534.7.7",http://www.cardenas-byrd.org/search.html,21/10/2023,West Kurttown,47
0aa74af9-fcdd-41e0-8a40-f5bcf6859091,ad39231a-0161-47aa-8152-f84f5e6d2246,search,36,Mozilla/5.0 (compatible; MSIE 5.0; Windows 98; Win 9x 4.90; Trident/5.0),Mozilla/5.0 (X11; Linux i686; rv:1.9.7.20) Gecko/2021-08-05 18:17:30 Firefox/12.0,"Mozilla/5.0 (Macintosh; Intel Mac OS X 10_7_6 rv:5.0; hr-HR) AppleWebKit/532.6.6 (KHTML, like Gecko) Version/5.0.1 Safari/532.6.6",http://dennis-willis.biz/,25/3/2021,Marytown,79
c2a15b65-416d-430e-99d5-dda8f8614efc,49b92d83-8e74-42ac-aca0-feea9d19c70e,post,52,"Mozilla/5.0 (Linux; Android 4.1.1) AppleWebKit/535.2 (KHTML, like Gecko) Chrome/38.0.861.0 Safari/535.2","Mozilla/5.0 (Windows NT 5.0) AppleWebKit/536.2 (KHTML, like Gecko) Chrome/58.0.884.0 Safari/536.2",Mozilla/5.0 (compatible; MSIE 9.0; Windows NT 5.1; Trident/4.1),https://www.martinez-contreras.com/author.html,4/1/2023,Donnatown,95
fca6f39d-70b5-4287-ad31-52ed7b37ae83,42296289-786a-4f74-b75e-1d81b8a144a4,about,40,Opera/9.82.(X11; Linux x86_64; sq-ML) Presto/2.9.175 Version/10.00,Mozilla/5.0 (Android 4.4.2; Mobile; rv:6.0) Gecko/6.0 Firefox/6.0,Mozilla/5.0 (X11; Linux i686; rv:1.9.5.20) Gecko/2019-09-10 12:56:39 Firefox/11.0,https://www.santana-logan.com/explore/tags/categories/author/,8/5/2024,New Bryan,50
bdfcbf30-db0a-4778-8015-cdcd5a29bf94,6edf127e-91b6-417b-9031-e572949f15a0,search,33,"Mozilla/5.0 (Windows; U; Windows NT 4.0) AppleWebKit/531.23.3 (KHTML, like Gecko) Version/4.0 Safari/531.23.3","Mozilla/5.0 (Windows; U; Windows NT 6.2) AppleWebKit/532.31.1 (KHTML, like Gecko) Version/4.0.5 Safari/532.31.1","Mozilla/5.0 (Linux; Android 8.0.0) AppleWebKit/536.1 (KHTML, like Gecko) Chrome/50.0.876.0 Safari/536.1",https://hernandez.net/faq.html,3/11/2023,Taylorfort,35
7f560af4-9cf0-46f5-bbab-e6d2d6c20bb4,cab87b4f-7b77-4300-a484-903526b3baed,faq,19,Opera/9.27.(X11; Linux x86_64; ks-IN) Presto/2.9.189 Version/10.00,Opera/8.97.(X11; Linux i686; hak-TW) Presto/2.9.167 Version/12.00,"Mozilla/5.0 (iPod; U; CPU iPhone OS 4_1 like Mac OS X; nan-TW) AppleWebKit/535.12.7 (KHTML, like Gecko) Version/3.0.5 Mobile/8B113 Safari/6535.12.7",http://www.johnson.org/,18/5/2020,Bradyville,90
e336a7b4-1382-46dc-927e-7c9e37c387c5,f28186c7-89ca-418f-930f-a3235fd24eec,index,44,"Mozilla/5.0 (iPhone; CPU iPhone OS 4_2_1 like Mac OS X) AppleWebKit/534.1 (KHTML, like Gecko) CriOS/28.0.802.0 Mobile/10G831 Safari/534.1",Mozilla/5.0 (Windows NT 5.0; kn-IN; rv:1.9.0.20) Gecko/2024-03-17 12:40:55 Firefox/3.6.17,"Mozilla/5.0 (Linux; Android 3.2.1) AppleWebKit/534.1 (KHTML, like Gecko) Chrome/43.0.862.0 Safari/534.1",https://smith.com/,2/7/2023,Derekmouth,82
83bf9711-e92b-49c7-8aac-b834a5a3a19e,110e4aa1-1cde-4434-87bb-375e4747adac,category,39,Mozilla/5.0 (Macintosh; PPC Mac OS X 10_5_4; rv:1.9.3.20) Gecko/2022-05-22 05:34:15 Firefox/3.8,"Mozilla/5.0 (iPad; CPU iPad OS 4_2_1 like Mac OS X) AppleWebKit/533.2 (KHTML, like Gecko) FxiOS/14.1f9125.0 Mobile/51I610 Safari/533.2",Opera/8.28.(Windows CE; ca-IT) Presto/2.9.173 Version/10.00,https://hart.org/,16/11/2022,West Amyside,97
1f26a267-76b8-4ebe-8782-aa8bab3e239d,855910c9-46b7-44b6-80be-f0ecb93bb94b,login,1,Mozilla/5.0 (Windows NT 5.1; pl-PL; rv:1.9.0.20) Gecko/2018-09-23 14:33:32 Firefox/3.6.5,"Mozilla/5.0 (Macintosh; PPC Mac OS X 10_5_6 rv:4.0; de-CH) AppleWebKit/534.41.3 (KHTML, like Gecko) Version/5.0.3 Safari/534.41.3",Opera/9.14.(Windows NT 5.01; ha-NG) Presto/2.9.184 Version/12.00,https://shaffer.biz/category/wp-content/explore/search.html,5/6/2023,North Staceyhaven,61
100ccae8-858c-4001-8982-2dabf54846ed,5d8d4fde-6dce-4a1a-8edf-b434df457e2e,home,46,"Mozilla/5.0 (Windows; U; Windows NT 6.1) AppleWebKit/531.34.5 (KHTML, like Gecko) Version/5.0.2 Safari/531.34.5",Mozilla/5.0 (Windows NT 5.2; en-AU; rv:1.9.0.20) Gecko/2018-04-23 06:52:46 Firefox/3.8,Mozilla/5.0 (compatible; MSIE 9.0; Windows NT 5.2; Trident/5.0),https://www.parker.com/tag/blog/main.php,22/9/2021,Simmonsport,72
7a4259ad-54f4-4b5d-b55e-56e2f4ceca2f,7041b0e2-3261-4e8a-ada4-7c5df3f1d9d6,faq,8,Mozilla/5.0 (compatible; MSIE 6.0; Windows CE; Trident/5.1),Opera/8.25.(Windows 95; ff-SN) Presto/2.9.190 Version/10.00,Opera/9.21.(X11; Linux x86_64; om-KE) Presto/2.9.167 Version/10.00,https://www.lane-hernandez.com/tag/tag/main/,18/10/2021,Joshuafort,5
679d0b62-6413-4ecd-add1-fbff5e05ed0e,44e2db95-7e75-44fe-b985-a909d3482c90,login,59,"Mozilla/5.0 (Windows; U; Windows NT 5.2) AppleWebKit/534.25.5 (KHTML, like Gecko) Version/5.0 Safari/534.25.5",Opera/9.75.(Windows 98; Win 9x 4.90; km-KH) Presto/2.9.189 Version/10.00,Opera/8.47.(X11; Linux i686; km-KH) Presto/2.9.178 Version/10.00,http://nguyen-chavez.com/,20/12/2020,Jonesland,44
53b781f9-1625-48ff-9b77-6fb15f2890ad,09969e42-2cf6-4b43-a148-669bbdf54183,author,30,Opera/9.58.(Windows NT 4.0; be-BY) Presto/2.9.174 Version/12.00,Mozilla/5.0 (compatible; MSIE 5.0; Windows NT 5.1; Trident/5.0),"Mozilla/5.0 (iPod; U; CPU iPhone OS 3_2 like Mac OS X; nn-NO) AppleWebKit/532.21.5 (KHTML, like Gecko) Version/4.0.5 Mobile/8B115 Safari/6532.21.5",http://www.zuniga-herrera.com/author/,16/2/2021,Jessicaside,39
e037b28f-7d6a-45f8-af53-0c0f167b07f5,e65551f0-7d8b-4c55-8142-b98cb87f8664,faq,48,Mozilla/5.0 (compatible; MSIE 5.0; Windows NT 5.01; Trident/4.1),"Mozilla/5.0 (Macintosh; U; Intel Mac OS X 10_11_9) AppleWebKit/531.0 (KHTML, like Gecko) Chrome/32.0.893.0 Safari/531.0","Mozilla/5.0 (Windows; U; Windows 98) AppleWebKit/533.43.1 (KHTML, like Gecko) Version/4.0 Safari/533.43.1",https://thomas.com/index/,22/2/2024,North Kristinaburgh,95
04e8f964-eec6-46ca-881c-213ab575fe5f,8a9a756f-2961-4238-8368-2971d85322d7,search,34,"Mozilla/5.0 (Macintosh; Intel Mac OS X 10_10_9 rv:6.0; sl-SI) AppleWebKit/534.8.6 (KHTML, like Gecko) Version/4.1 Safari/534.8.6",Mozilla/5.0 (compatible; MSIE 9.0; Windows NT 6.0; Trident/5.0),"Mozilla/5.0 (X11; Linux x86_64) AppleWebKit/533.0 (KHTML, like Gecko) Chrome/26.0.854.0 Safari/533.0",http://martin-jackson.net/,20/6/2022,Carterhaven,1
8a66a59c-0c85-4ac6-85a3-697865606ef4,08310abc-b667-43e1-91fa-f5fcbaec020b,search,31,Mozilla/5.0 (compatible; MSIE 7.0; Windows NT 5.0; Trident/4.1),"Mozilla/5.0 (iPad; CPU iPad OS 9_3_5 like Mac OS X) AppleWebKit/533.0 (KHTML, like Gecko) CriOS/48.0.895.0 Mobile/68H343 Safari/533.0",Mozilla/5.0 (Android 3.2.5; Mobile; rv:10.0) Gecko/10.0 Firefox/10.0,http://morgan.com/about/,16/4/2023,North Kellyfort,87
27d78476-bded-416b-acc2-b10d27198fe5,4ce8ab43-b7e7-426e-a14e-934277f75047,search,1,Mozilla/5.0 (Macintosh; U; Intel Mac OS X 10_10_4; rv:1.9.2.20) Gecko/2021-05-21 17:22:39 Firefox/3.6.5,Mozilla/5.0 (compatible; MSIE 8.0; Windows 98; Win 9x 4.90; Trident/5.0),"Mozilla/5.0 (iPod; U; CPU iPhone OS 4_0 like Mac OS X; sr-RS) AppleWebKit/532.21.4 (KHTML, like Gecko) Version/3.0.5 Mobile/8B115 Safari/6532.21.4",https://hernandez-flores.com/homepage/,13/5/2020,Velazquezville,6
5e206b58-3272-4827-a01b-33984cbe0de8,0e3a9374-0759-44df-9c54-64216517dfb0,category,40,"Mozilla/5.0 (iPod; U; CPU iPhone OS 3_2 like Mac OS X; tn-ZA) AppleWebKit/532.2.7 (KHTML, like Gecko) Version/4.0.5 Mobile/8B114 Safari/6532.2.7",Mozilla/5.0 (X11; Linux i686; rv:1.9.6.20) Gecko/2022-12-18 18:59:30 Firefox/10.0,"Mozilla/5.0 (Linux; Android 5.0.2) AppleWebKit/536.2 (KHTML, like Gecko) Chrome/54.0.855.0 Safari/536.2",http://www.rivas.info/,27/1/2022,Jasonberg,63
d5bdee95-beba-4561-9d28-71bd24105cac,f81ed6d9-d593-4edf-8cab-181640aa975e,post,2,Opera/9.86.(X11; Linux x86_64; an-ES) Presto/2.9.172 Version/12.00,"Mozilla/5.0 (iPod; U; CPU iPhone OS 4_1 like Mac OS X; mag-IN) AppleWebKit/534.14.6 (KHTML, like Gecko) Version/4.0.5 Mobile/8B116 Safari/6534.14.6","Mozilla/5.0 (Linux; Android 3.2.6) AppleWebKit/533.1 (KHTML, like Gecko) Chrome/44.0.895.0 Safari/533.1",http://young.info/post/,21/8/2020,New Kimberly,60
c5b975dc-acfc-4f39-9d08-70568f793607,60fdaf3d-2624-4ea6-990b-8f3e924872b3,login,50,"Mozilla/5.0 (X11; Linux x86_64) AppleWebKit/535.1 (KHTML, like Gecko) Chrome/57.0.803.0 Safari/535.1",Mozilla/5.0 (Macintosh; Intel Mac OS X 10_10_7; rv:1.9.2.20) Gecko/2019-03-06 21:07:06 Firefox/10.0,"Mozilla/5.0 (iPod; U; CPU iPhone OS 3_2 like Mac OS X; aa-ET) AppleWebKit/535.14.1 (KHTML, like Gecko) Version/3.0.5 Mobile/8B114 Safari/6535.14.1",https://alexander-gordon.com/list/tags/tag/author.php,11/8/2022,Eriktown,44
82567dd1-21fa-4979-80e7-2ad4c5acdf5a,a95f5e90-fff0-424d-912b-39988b3141f0,category,17,Mozilla/5.0 (X11; Linux x86_64; rv:1.9.7.20) Gecko/2019-09-02 21:46:04 Firefox/14.0,Opera/9.68.(Windows 98; rw-RW) Presto/2.9.164 Version/11.00,"Mozilla/5.0 (iPhone; CPU iPhone OS 6_1_6 like Mac OS X) AppleWebKit/536.0 (KHTML, like Gecko) CriOS/18.0.826.0 Mobile/89B724 Safari/536.0",http://www.quinn.com/privacy.htm,14/1/2021,Robertland,20
b0303c8b-2631-40ef-948b-636c56039984,299c7c5f-dd4f-428d-b3dd-de8c0d319600,privacy,12,Mozilla/5.0 (Android 2.3.6; Mobile; rv:22.0) Gecko/22.0 Firefox/22.0,"Mozilla/5.0 (X11; Linux i686) AppleWebKit/531.0 (KHTML, like Gecko) Chrome/13.0.858.0 Safari/531.0","Mozilla/5.0 (Windows NT 5.2) AppleWebKit/534.1 (KHTML, like Gecko) Chrome/19.0.882.0 Safari/534.1",http://rogers.com/explore/category/,6/3/2020,West Anthonyburgh,4
20bd081f-6d41-4c49-8529-2299c0e58704,cdfec829-4022-4122-971e-ac224bcba67e,main,40,Mozilla/5.0 (Android 3.2.5; Mobile; rv:67.0) Gecko/67.0 Firefox/67.0,"Mozilla/5.0 (Windows; U; Windows NT 5.2) AppleWebKit/535.20.7 (KHTML, like Gecko) Version/5.0.3 Safari/535.20.7","Mozilla/5.0 (Linux; Android 4.0.2) AppleWebKit/533.1 (KHTML, like Gecko) Chrome/15.0.860.0 Safari/533.1",https://ponce-johnson.net/posts/post.html,28/5/2023,New Richardland,41
a1f2b02a-a465-4705-a493-33ea7e649b8d,8a894d4a-5761-4ab9-9f6a-6ecbc49d609f,post,57,Mozilla/5.0 (compatible; MSIE 6.0; Windows 98; Trident/5.0),"Mozilla/5.0 (X11; Linux i686) AppleWebKit/535.2 (KHTML, like Gecko) Chrome/53.0.863.0 Safari/535.2",Opera/8.85.(Windows NT 5.2; gu-IN) Presto/2.9.188 Version/11.00,https://www.johnson.com/category/blog/privacy/,21/8/2023,Andrewville,25
fb2e10ae-0baa-44e2-b897-ef5a7b94997a,5a9cdf56-1e21-414b-9c91-0e04936693ea,login,49,Mozilla/5.0 (compatible; MSIE 7.0; Windows 95; Trident/4.0),Opera/8.36.(X11; Linux x86_64; mhr-RU) Presto/2.9.166 Version/12.00,"Mozilla/5.0 (Windows; U; Windows NT 4.0) AppleWebKit/535.34.1 (KHTML, like Gecko) Version/5.0.1 Safari/535.34.1",http://gonzalez.org/,8/3/2023,New Brendaberg,9
4795092f-c222-4ed7-a95b-b896dcd95b46,3c771371-519b-4ed2-ae31-84a54841bcf1,post,20,"Mozilla/5.0 (X11; Linux i686) AppleWebKit/533.2 (KHTML, like Gecko) Chrome/35.0.867.0 Safari/533.2",Mozilla/5.0 (compatible; MSIE 9.0; Windows NT 5.1; Trident/4.1),Mozilla/5.0 (Macintosh; PPC Mac OS X 10_8_6; rv:1.9.6.20) Gecko/2012-10-11 08:53:03 Firefox/3.8,http://www.bentley-guzman.com/category/wp-content/post/,10/11/2022,Larachester,3
ae840429-9e2a-4eda-888f-976840633e34,e1dd1ad1-bdb5-4f08-bf07-68f8c16a099e,about,19,"Mozilla/5.0 (Macintosh; U; Intel Mac OS X 10_10_3) AppleWebKit/536.2 (KHTML, like Gecko) Chrome/24.0.829.0 Safari/536.2",Mozilla/5.0 (compatible; MSIE 6.0; Windows NT 6.2; Trident/5.0),"Mozilla/5.0 (Macintosh; PPC Mac OS X 10_11_5 rv:5.0; wae-CH) AppleWebKit/535.44.3 (KHTML, like Gecko) Version/4.0 Safari/535.44.3",http://herring.com/main/tag/home/,8/3/2023,Moniquestad,12
40ecf831-e4be-44d8-b3ff-0800a6518a31,a06b7c7d-a4fc-40c7-bb79-949987bbf6b8,index,39,"Mozilla/5.0 (X11; Linux i686) AppleWebKit/535.0 (KHTML, like Gecko) Chrome/58.0.815.0 Safari/535.0",Mozilla/5.0 (Android 2.0.1; Mobile; rv:57.0) Gecko/57.0 Firefox/57.0,Opera/9.68.(Windows NT 4.0; cv-RU) Presto/2.9.188 Version/12.00,https://www.vang.com/,27/12/2022,South Laurenbury,19
ca1a155e-1aea-4e99-8d75-99378a878dc0,5f685187-4a85-477c-9301-0a878d9dcbe5,search,18,Mozilla/5.0 (compatible; MSIE 7.0; Windows NT 5.2; Trident/4.1),"Mozilla/5.0 (iPod; U; CPU iPhone OS 4_0 like Mac OS X; ga-IE) AppleWebKit/535.50.4 (KHTML, like Gecko) Version/4.0.5 Mobile/8B116 Safari/6535.50.4","Mozilla/5.0 (Windows; U; Windows NT 6.2) AppleWebKit/532.3.7 (KHTML, like Gecko) Version/4.0.2 Safari/532.3.7",https://kemp.com/login/,21/10/2020,Hallborough,37
3239e40f-f36e-4a3e-9e46-edc3f04e3b82,09245fde-db18-4dc4-9c80-776c24e29b14,faq,47,Mozilla/5.0 (compatible; MSIE 9.0; Windows 98; Win 9x 4.90; Trident/4.1),"Mozilla/5.0 (Linux; Android 8.1.0) AppleWebKit/535.1 (KHTML, like Gecko) Chrome/30.0.816.0 Safari/535.1",Opera/8.90.(Windows NT 4.0; hak-TW) Presto/2.9.164 Version/10.00,http://sullivan.info/blog/post.html,10/10/2021,South Brendabury,98
1d65a360-5e75-4c4f-a11c-98d7b0d05ef1,8e8fd4ed-f4b1-463b-906c-c3c743bce279,homepage,25,"Mozilla/5.0 (Linux; Android 7.1) AppleWebKit/533.1 (KHTML, like Gecko) Chrome/33.0.857.0 Safari/533.1",Opera/9.39.(Windows NT 6.0; sr-ME) Presto/2.9.186 Version/10.00,Mozilla/5.0 (compatible; MSIE 5.0; Windows 98; Win 9x 4.90; Trident/5.1),https://hernandez.com/app/category/,4/9/2023,Schmidtmouth,2
4805c263-0ba1-40e0-8777-6b0e42ec4a4c,da0ac85f-b1d4-425c-bcdc-b8dd865f8195,login,26,Mozilla/5.0 (compatible; MSIE 6.0; Windows NT 6.1; Trident/3.1),"Mozilla/5.0 (Macintosh; PPC Mac OS X 10_5_9) AppleWebKit/532.1 (KHTML, like Gecko) Chrome/56.0.846.0 Safari/532.1",Mozilla/5.0 (compatible; MSIE 9.0; Windows NT 4.0; Trident/5.0),http://thomas-little.com/tags/tags/wp-content/author/,25/4/2023,Christyburgh,33
ca3fd2d4-44c4-4d60-993d-5783037d7a99,3d3e3c9a-a802-4070-8a21-0681eca81e4a,privacy,9,"Mozilla/5.0 (X11; Linux x86_64) AppleWebKit/533.1 (KHTML, like Gecko) Chrome/14.0.846.0 Safari/533.1",Mozilla/5.0 (compatible; MSIE 6.0; Windows NT 4.0; Trident/3.1),"Mozilla/5.0 (Linux; Android 2.3.5) AppleWebKit/532.2 (KHTML, like Gecko) Chrome/13.0.840.0 Safari/532.2",https://reyes-lopez.com/index.asp,11/11/2021,Adamsport,68
2b33ac5e-19c9-4575-ad39-50dddd546246,3ef80581-fb9f-4e36-a0cd-032c9e926fc8,login,29,Opera/8.71.(X11; Linux x86_64; nb-NO) Presto/2.9.187 Version/11.00,Mozilla/5.0 (compatible; MSIE 8.0; Windows NT 5.0; Trident/4.1),Opera/9.30.(Windows NT 5.0; rw-RW) Presto/2.9.181 Version/10.00,http://www.turner.com/blog/tag/search/about.php,24/7/2023,New Angelashire,45
aa3a7fe9-451e-4266-9008-001997a3b10e,e1a47112-7833-4937-b4a6-c431cf899a78,home,29,"Mozilla/5.0 (Macintosh; U; PPC Mac OS X 10_11_6) AppleWebKit/534.2 (KHTML, like Gecko) Chrome/58.0.880.0 Safari/534.2","Mozilla/5.0 (Windows CE) AppleWebKit/531.0 (KHTML, like Gecko) Chrome/20.0.867.0 Safari/531.0","Mozilla/5.0 (Macintosh; U; Intel Mac OS X 10_11_5 rv:6.0; da-DK) AppleWebKit/535.46.4 (KHTML, like Gecko) Version/4.0 Safari/535.46.4",https://robinson.com/,22/10/2021,Thomasstad,80
98646e03-ad70-4d12-84a1-271bed18edab,039d3059-5f13-445a-a728-09dff23eb851,home,2,"Mozilla/5.0 (Windows; U; Windows NT 6.2) AppleWebKit/531.11.7 (KHTML, like Gecko) Version/5.0.1 Safari/531.11.7",Mozilla/5.0 (compatible; MSIE 8.0; Windows 98; Win 9x 4.90; Trident/5.0),"Mozilla/5.0 (Macintosh; PPC Mac OS X 10_8_1 rv:6.0; tk-TM) AppleWebKit/534.19.6 (KHTML, like Gecko) Version/4.1 Safari/534.19.6",https://www.ward.com/home.html,3/6/2023,Merrittland,99
1a083c17-a960-44c7-8a36-80650591c959,f0e44cca-ddd6-4cdc-b739-debe065b825f,post,30,"Mozilla/5.0 (Macintosh; Intel Mac OS X 10_12_7 rv:4.0; fa-IR) AppleWebKit/535.12.1 (KHTML, like Gecko) Version/5.0 Safari/535.12.1",Opera/9.93.(Windows NT 6.0; ro-RO) Presto/2.9.190 Version/11.00,Mozilla/5.0 (compatible; MSIE 9.0; Windows NT 6.0; Trident/5.1),http://www.gray-ford.biz/explore/posts/terms.html,17/1/2023,Jonesland,84
b91ac6f2-77eb-4863-8cfb-06e0878f0fae,da0ac85f-b1d4-425c-bcdc-b8dd865f8195,login,25,"Mozilla/5.0 (Linux; Android 4.2.1) AppleWebKit/535.1 (KHTML, like Gecko) Chrome/50.0.848.0 Safari/535.1","Mozilla/5.0 (Windows; U; Windows 95) AppleWebKit/532.50.5 (KHTML, like Gecko) Version/4.0.2 Safari/532.50.5","Mozilla/5.0 (X11; Linux x86_64) AppleWebKit/532.1 (KHTML, like Gecko) Chrome/24.0.839.0 Safari/532.1",https://foley-odonnell.com/,24/2/2020,Lake Alisonland,16
d28b106d-6c7c-4149-bdbd-c8664f62d647,74648d00-d555-452f-8208-27a376cc56d4,author,13,"Mozilla/5.0 (Macintosh; U; PPC Mac OS X 10_10_8 rv:5.0; pt-PT) AppleWebKit/531.4.4 (KHTML, like Gecko) Version/4.0 Safari/531.4.4","Mozilla/5.0 (Linux; Android 3.2.2) AppleWebKit/535.2 (KHTML, like Gecko) Chrome/16.0.889.0 Safari/535.2",Mozilla/5.0 (Macintosh; PPC Mac OS X 10_5_2; rv:1.9.5.20) Gecko/2014-02-14 16:32:08 Firefox/3.8,http://sanders.com/register.html,13/7/2021,Perryfort,45
4691c9a1-0d7c-4f7d-8229-800333a3a601,cb628e09-75cd-4c0c-8f53-ec4adc5995f1,about,41,Opera/8.38.(X11; Linux x86_64; fur-IT) Presto/2.9.180 Version/12.00,"Mozilla/5.0 (iPod; U; CPU iPhone OS 3_3 like Mac OS X; el-GR) AppleWebKit/534.24.6 (KHTML, like Gecko) Version/3.0.5 Mobile/8B118 Safari/6534.24.6",Mozilla/5.0 (compatible; MSIE 7.0; Windows NT 4.0; Trident/5.1),https://www.garcia.net/,4/9/2021,New Brandonbury,64
026bc436-d41b-4eee-abe4-a13bca59aae7,6c2de765-9648-4b2c-9606-9b88a7749279,home,49,"Mozilla/5.0 (iPhone; CPU iPhone OS 10_3_4 like Mac OS X) AppleWebKit/532.1 (KHTML, like Gecko) FxiOS/16.0f5846.0 Mobile/98J700 Safari/532.1","Mozilla/5.0 (Linux; Android 4.2) AppleWebKit/532.1 (KHTML, like Gecko) Chrome/15.0.890.0 Safari/532.1",Opera/9.14.(X11; Linux i686; the-NP) Presto/2.9.186 Version/10.00,http://frederick.com/homepage/,29/8/2021,East Kathryn,79
67216ffa-8cc4-4f7d-8d96-040b2abb7ee0,b4ae6279-0f25-4e1a-aa3b-c3b808ba9b42,faq,23,"Mozilla/5.0 (Macintosh; U; PPC Mac OS X 10_9_5 rv:3.0; pa-PK) AppleWebKit/531.12.4 (KHTML, like Gecko) Version/4.0.3 Safari/531.12.4",Mozilla/5.0 (X11; Linux x86_64; rv:1.9.6.20) Gecko/2019-08-21 20:37:06 Firefox/3.6.4,"Mozilla/5.0 (Macintosh; Intel Mac OS X 10_9_9 rv:4.0; the-NP) AppleWebKit/534.2.3 (KHTML, like Gecko) Version/5.0.4 Safari/534.2.3",https://www.newton.com/register/,9/1/2024,Andrewfort,46
170124b7-e10a-43f2-b8bf-507138f28a1a,7103a638-42f8-45c8-a383-3a468dee909f,faq,49,Mozilla/5.0 (compatible; MSIE 5.0; Windows NT 5.1; Trident/5.0),Mozilla/5.0 (X11; Linux x86_64; rv:1.9.7.20) Gecko/2023-10-04 11:04:29 Firefox/3.8,"Mozilla/5.0 (Macintosh; U; Intel Mac OS X 10_11_5 rv:4.0; si-LK) AppleWebKit/535.19.6 (KHTML, like Gecko) Version/4.0.2 Safari/535.19.6",https://www.kane.com/tag/main/,14/3/2020,Robertsonbury,12
510a15ac-cb0f-4454-936b-531b1ea3654c,c9e6c0f7-2e8b-404d-a1fc-8ac4c184c034,index,6,"Mozilla/5.0 (Windows 98; Win 9x 4.90) AppleWebKit/531.0 (KHTML, like Gecko) Chrome/18.0.819.0 Safari/531.0","Mozilla/5.0 (X11; Linux x86_64) AppleWebKit/535.0 (KHTML, like Gecko) Chrome/50.0.896.0 Safari/535.0","Mozilla/5.0 (X11; Linux x86_64) AppleWebKit/533.0 (KHTML, like Gecko) Chrome/19.0.813.0 Safari/533.0",https://fry.biz/,18/8/2021,Jasonfurt,57
358ae981-684a-4d9c-b951-938a9e9c830b,8b09e892-dae8-4245-8a22-49108316ef03,home,20,"Mozilla/5.0 (iPhone; CPU iPhone OS 10_3_3 like Mac OS X) AppleWebKit/532.0 (KHTML, like Gecko) FxiOS/10.4i9929.0 Mobile/26E631 Safari/532.0",Opera/9.73.(Windows 95; sv-SE) Presto/2.9.184 Version/11.00,Mozilla/5.0 (compatible; MSIE 8.0; Windows NT 6.2; Trident/5.1),http://www.jackson.com/wp-content/posts/author.htm,22/3/2022,West Conniehaven,81
02083a87-c407-4675-9863-954da21d698e,9b8eb1d2-6ce1-44b4-9a76-227b4177f0c5,index,41,"Mozilla/5.0 (Linux; Android 2.1) AppleWebKit/536.1 (KHTML, like Gecko) Chrome/36.0.817.0 Safari/536.1",Mozilla/5.0 (Android 4.0.2; Mobile; rv:59.0) Gecko/59.0 Firefox/59.0,"Mozilla/5.0 (Macintosh; PPC Mac OS X 10_8_6 rv:6.0; tcy-IN) AppleWebKit/533.22.6 (KHTML, like Gecko) Version/5.1 Safari/533.22.6",http://www.lewis.org/,17/1/2024,North Seanview,3
4efd2d11-35cc-4331-b588-eed66986244f,edf04165-ff89-4ec3-85cf-f6bd1a72a3e6,search,34,Mozilla/5.0 (X11; Linux i686; rv:1.9.5.20) Gecko/2017-05-22 10:53:43 Firefox/9.0,Opera/9.58.(Windows NT 10.0; ur-IN) Presto/2.9.183 Version/11.00,Opera/9.65.(Windows NT 5.1; ja-JP) Presto/2.9.165 Version/10.00,https://bennett-thompson.com/app/wp-content/tags/login/,15/9/2023,South Allen,65
f601e0ad-7120-4b69-8c6f-a71ec0f6e8cb,34d6355c-7ed0-4cd3-b6ce-c4bb81c2f453,index,32,"Mozilla/5.0 (iPod; U; CPU iPhone OS 3_2 like Mac OS X; ik-CA) AppleWebKit/533.19.6 (KHTML, like Gecko) Version/3.0.5 Mobile/8B111 Safari/6533.19.6","Mozilla/5.0 (X11; Linux i686) AppleWebKit/534.2 (KHTML, like Gecko) Chrome/19.0.816.0 Safari/534.2",Mozilla/5.0 (Android 5.0.1; Mobile; rv:34.0) Gecko/34.0 Firefox/34.0,http://www.garcia-brown.org/author.html,28/8/2020,Stacieberg,39
5633159c-cf8b-4aea-9ff1-e04f09151784,0e3a9374-0759-44df-9c54-64216517dfb0,homepage,2,Mozilla/5.0 (compatible; MSIE 6.0; Windows 98; Win 9x 4.90; Trident/4.1),"Mozilla/5.0 (iPod; U; CPU iPhone OS 3_3 like Mac OS X; pap-AW) AppleWebKit/531.26.5 (KHTML, like Gecko) Version/4.0.5 Mobile/8B116 Safari/6531.26.5",Mozilla/5.0 (Windows 98; mr-IN; rv:1.9.1.20) Gecko/2022-04-27 23:21:14 Firefox/3.8,http://www.brooks-owen.com/explore/list/main/post/,3/3/2021,Rachelmouth,64
98b985b8-9e19-4083-a643-6998bfffbfd6,4242bb22-a2c0-4521-ac08-653f805e9bee,main,55,Mozilla/5.0 (Macintosh; PPC Mac OS X 10_11_5; rv:1.9.4.20) Gecko/2023-02-09 21:09:16 Firefox/10.0,Opera/9.28.(Windows NT 4.0; wo-SN) Presto/2.9.177 Version/10.00,"Mozilla/5.0 (iPhone; CPU iPhone OS 6_1_6 like Mac OS X) AppleWebKit/536.2 (KHTML, like Gecko) CriOS/30.0.822.0 Mobile/84X291 Safari/536.2",http://www.aguilar.com/category/,19/12/2020,Peckside,29
91fa944d-b48b-43bc-aea3-24f6696c34c6,6922adac-1000-4b9d-a7eb-7c0a0213127a,privacy,57,Mozilla/5.0 (compatible; MSIE 6.0; Windows NT 4.0; Trident/5.0),Opera/8.51.(X11; Linux i686; he-IL) Presto/2.9.177 Version/12.00,"Mozilla/5.0 (Windows NT 6.0) AppleWebKit/532.2 (KHTML, like Gecko) Chrome/63.0.812.0 Safari/532.2",https://www.whitehead-harrell.org/index/,7/7/2023,Port Tammytown,34
cf0b1b10-3604-4559-a299-383a92e864bc,33226354-4f13-4d7c-8a99-07dbf5eaa92f,about,56,Mozilla/5.0 (compatible; MSIE 9.0; Windows CE; Trident/3.1),Opera/9.96.(Windows NT 6.1; mi-NZ) Presto/2.9.173 Version/10.00,Mozilla/5.0 (X11; Linux x86_64; rv:1.9.6.20) Gecko/2023-09-20 12:53:54 Firefox/6.0,https://robertson.com/homepage/,14/10/2023,Carlsonton,56
ce310a75-176c-486a-8019-5045eaebccc3,8cced68e-4c5c-47cf-b16b-c080eea13b79,about,6,"Mozilla/5.0 (X11; Linux i686) AppleWebKit/532.1 (KHTML, like Gecko) Chrome/43.0.831.0 Safari/532.1","Mozilla/5.0 (Windows; U; Windows NT 4.0) AppleWebKit/534.33.3 (KHTML, like Gecko) Version/4.0.2 Safari/534.33.3",Mozilla/5.0 (compatible; MSIE 7.0; Windows CE; Trident/4.1),https://ruiz.net/search/search/main/,29/1/2022,East Jenniferland,49
c49f8d3b-9e15-4b61-9eb8-3290baa0b7ef,e8a85c22-d570-4b9a-8496-8cebc6d73b74,category,50,"Mozilla/5.0 (Macintosh; U; PPC Mac OS X 10_6_6 rv:5.0; an-ES) AppleWebKit/534.35.7 (KHTML, like Gecko) Version/4.1 Safari/534.35.7",Mozilla/5.0 (Windows NT 5.0; so-ET; rv:1.9.0.20) Gecko/2020-07-16 02:23:24 Firefox/3.8,Mozilla/5.0 (compatible; MSIE 8.0; Windows CE; Trident/3.0),https://carr.com/search/categories/categories/home.php,7/12/2020,Leeton,19
e8bda3ac-6aee-428c-b8d3-1721357304b6,63b050dd-f3fc-4e74-b880-5c7718c08797,post,41,Opera/8.10.(X11; Linux i686; tn-ZA) Presto/2.9.170 Version/10.00,"Mozilla/5.0 (Macintosh; U; Intel Mac OS X 10_7_6 rv:4.0; sr-RS) AppleWebKit/533.36.4 (KHTML, like Gecko) Version/4.1 Safari/533.36.4",Mozilla/5.0 (compatible; MSIE 6.0; Windows NT 5.0; Trident/5.1),https://www.harvey.com/,13/3/2022,Lake Justin,24
61841f69-e371-4246-8570-317a0e0add17,feb03ca9-9e43-4463-926d-ae16f1ef691f,terms,21,"Mozilla/5.0 (Macintosh; Intel Mac OS X 10_10_5 rv:4.0; kn-IN) AppleWebKit/535.5.4 (KHTML, like Gecko) Version/5.0.5 Safari/535.5.4","Mozilla/5.0 (Linux; Android 4.4.1) AppleWebKit/531.0 (KHTML, like Gecko) Chrome/18.0.820.0 Safari/531.0","Mozilla/5.0 (Macintosh; U; Intel Mac OS X 10_5_0) AppleWebKit/534.1 (KHTML, like Gecko) Chrome/30.0.809.0 Safari/534.1",http://fitzpatrick-haynes.biz/tags/tag/list/search.html,25/12/2022,Murrayport,40
b08576e4-585a-4d56-bce4-a38f6e01c2a1,f28186c7-89ca-418f-930f-a3235fd24eec,search,45,"Mozilla/5.0 (X11; Linux x86_64) AppleWebKit/533.1 (KHTML, like Gecko) Chrome/27.0.831.0 Safari/533.1","Mozilla/5.0 (Windows; U; Windows NT 10.0) AppleWebKit/532.15.4 (KHTML, like Gecko) Version/4.0.1 Safari/532.15.4","Mozilla/5.0 (Macintosh; PPC Mac OS X 10_9_3 rv:4.0; hi-IN) AppleWebKit/532.21.2 (KHTML, like Gecko) Version/5.0.2 Safari/532.21.2",https://stokes-kelly.com/,30/8/2023,Ericfurt,12
34b919f6-cc3e-45d0-a276-0ca81b403d62,ea494d42-f1b0-44e3-ad0b-8a6ccf416805,about,10,"Mozilla/5.0 (Macintosh; U; Intel Mac OS X 10_8_9 rv:3.0; lij-IT) AppleWebKit/535.10.6 (KHTML, like Gecko) Version/5.0.2 Safari/535.10.6","Mozilla/5.0 (iPod; U; CPU iPhone OS 4_2 like Mac OS X; id-ID) AppleWebKit/533.39.2 (KHTML, like Gecko) Version/4.0.5 Mobile/8B119 Safari/6533.39.2","Mozilla/5.0 (iPhone; CPU iPhone OS 3_1_3 like Mac OS X) AppleWebKit/534.1 (KHTML, like Gecko) CriOS/26.0.853.0 Mobile/68I459 Safari/534.1",http://www.king.com/faq.php,13/10/2020,North Brian,49
27074a81-133e-4957-81b1-442709d91f30,8529c8ed-1cbe-4f09-b15f-24bc2c88daac,main,15,Mozilla/5.0 (X11; Linux i686; rv:1.9.7.20) Gecko/2015-08-26 16:53:02 Firefox/3.6.7,Mozilla/5.0 (Android 2.2.1; Mobile; rv:27.0) Gecko/27.0 Firefox/27.0,"Mozilla/5.0 (Windows; U; Windows NT 5.1) AppleWebKit/534.10.5 (KHTML, like Gecko) Version/5.1 Safari/534.10.5",http://giles.com/tags/wp-content/index.htm,18/2/2022,Lake Ashley,58
78851561-2ca1-4d54-99f8-d1c60645f5ae,27cfbed3-0efc-47fd-8a03-880a40a31efa,main,31,"Mozilla/5.0 (Windows NT 5.01) AppleWebKit/536.1 (KHTML, like Gecko) Chrome/44.0.822.0 Safari/536.1","Mozilla/5.0 (Macintosh; PPC Mac OS X 10_10_3 rv:4.0; os-RU) AppleWebKit/534.16.1 (KHTML, like Gecko) Version/4.0.5 Safari/534.16.1",Mozilla/5.0 (compatible; MSIE 5.0; Windows NT 5.01; Trident/3.0),http://jackson.com/tag/category.jsp,1/2/2021,Terrymouth,58
f1547619-f7bf-4bd2-bacf-c3af13bcb041,5f685187-4a85-477c-9301-0a878d9dcbe5,index,21,Mozilla/5.0 (Windows NT 10.0; om-KE; rv:1.9.2.20) Gecko/2020-10-01 14:39:13 Firefox/3.6.9,Mozilla/5.0 (Macintosh; U; Intel Mac OS X 10_9_3; rv:1.9.6.20) Gecko/2023-09-17 08:04:23 Firefox/14.0,Opera/9.28.(X11; Linux i686; gd-GB) Presto/2.9.172 Version/12.00,http://www.allen.info/,20/5/2022,Osborneside,59
e5b4bacb-c7be-44f9-9749-ea369520cf51,a776661a-1720-4e14-9f10-63e8cbbce941,author,50,Mozilla/5.0 (compatible; MSIE 6.0; Windows NT 4.0; Trident/5.1),Opera/9.14.(X11; Linux i686; ms-MY) Presto/2.9.190 Version/11.00,Opera/9.97.(X11; Linux i686; hne-IN) Presto/2.9.176 Version/11.00,http://www.wang.info/categories/search/home/,12/11/2020,Shermanshire,12
989ef515-2790-4284-b12f-3d7ef6ed4857,1ee87207-2092-4cf7-92ad-79b691b773bb,privacy,20,Opera/9.99.(Windows 98; nr-ZA) Presto/2.9.190 Version/11.00,Mozilla/5.0 (Windows NT 5.0; st-ZA; rv:1.9.1.20) Gecko/2013-02-02 09:20:30 Firefox/3.6.13,"Mozilla/5.0 (Macintosh; PPC Mac OS X 10_12_4 rv:5.0; af-ZA) AppleWebKit/533.10.5 (KHTML, like Gecko) Version/5.0.3 Safari/533.10.5",http://mcmahon-lee.info/terms/,23/5/2024,East Randyton,38
e6a4c4c8-46ed-4423-95fa-b82ef70c0cb2,efcb1fe9-b09e-4c74-9d8d-80e8d64a2633,terms,35,Mozilla/5.0 (compatible; MSIE 8.0; Windows NT 10.0; Trident/4.1),Mozilla/5.0 (compatible; MSIE 9.0; Windows 98; Trident/3.0),"Mozilla/5.0 (Macintosh; U; PPC Mac OS X 10_7_4) AppleWebKit/531.0 (KHTML, like Gecko) Chrome/48.0.855.0 Safari/531.0",https://thornton.com/wp-content/category/explore/main/,12/7/2021,Bryantville,95
4015a89f-b7e5-4f1b-a8e1-4810d2f11873,be2dea76-b010-4da2-840d-4a0c6a81506d,post,14,"Mozilla/5.0 (Macintosh; Intel Mac OS X 10_6_4) AppleWebKit/533.2 (KHTML, like Gecko) Chrome/33.0.898.0 Safari/533.2","Mozilla/5.0 (Windows NT 6.2) AppleWebKit/534.2 (KHTML, like Gecko) Chrome/22.0.851.0 Safari/534.2","Mozilla/5.0 (X11; Linux i686) AppleWebKit/536.0 (KHTML, like Gecko) Chrome/57.0.865.0 Safari/536.0",http://www.weber.com/categories/post.asp,12/10/2023,Figueroabury,35
8d7a2db9-1ef9-4ccb-9ba5-8f6ce9f7deb6,4e9c56af-f2ec-4681-8a29-15b3bbcbf7fd,index,44,Opera/8.28.(Windows 95; lo-LA) Presto/2.9.166 Version/12.00,"Mozilla/5.0 (Windows; U; Windows NT 5.01) AppleWebKit/531.23.3 (KHTML, like Gecko) Version/5.0.1 Safari/531.23.3",Mozilla/5.0 (compatible; MSIE 7.0; Windows NT 6.2; Trident/5.1),https://grant.com/terms.htm,19/4/2020,Port Laura,13
b4359b61-4ea5-4105-871d-6d06c62d2d5c,c45b7a00-b2b7-4681-90d8-eb086941d65c,category,8,Opera/9.94.(Windows NT 6.2; li-NL) Presto/2.9.174 Version/10.00,"Mozilla/5.0 (iPhone; CPU iPhone OS 3_1_3 like Mac OS X) AppleWebKit/535.0 (KHTML, like Gecko) CriOS/50.0.826.0 Mobile/84V266 Safari/535.0",Opera/8.34.(Windows NT 5.1; ur-IN) Presto/2.9.188 Version/12.00,https://www.roberts.com/list/author.htm,27/10/2022,New Claire,45
66907ba6-4327-4bdb-835b-c0c29f8a6ddc,37f1a69a-8a0f-49ea-ad8e-e3264f833672,home,56,Mozilla/5.0 (compatible; MSIE 9.0; Windows NT 4.0; Trident/3.1),Opera/9.38.(Windows NT 6.0; lb-LU) Presto/2.9.180 Version/11.00,Opera/9.11.(Windows NT 6.2; eo-US) Presto/2.9.167 Version/11.00,http://www.tucker.com/search.html,12/10/2020,West Christopher,87
0d6d24c2-f27d-4041-8aba-c89ecb2898ea,7a563c7d-1954-4e47-a13f-eaed678fcad4,about,10,Opera/9.57.(X11; Linux x86_64; sk-SK) Presto/2.9.183 Version/12.00,Mozilla/5.0 (compatible; MSIE 7.0; Windows NT 5.01; Trident/5.1),Mozilla/5.0 (compatible; MSIE 5.0; Windows 95; Trident/5.1),https://www.mcdonald.com/list/tags/search/,7/7/2022,Mcconnellmouth,74
2389eaf5-c85f-4850-99f4-b33794f8e7d6,488c3be2-0394-4fcc-9c44-17d120c19055,post,34,Mozilla/5.0 (compatible; MSIE 5.0; Windows NT 5.1; Trident/3.0),Opera/8.76.(Windows 98; li-NL) Presto/2.9.185 Version/12.00,Mozilla/5.0 (Android 3.1; Mobile; rv:39.0) Gecko/39.0 Firefox/39.0,https://dyer-carter.org/,9/7/2023,Lake Richard,82
c680c573-e496-4012-ad59-7ebbe1e785e7,3415c8ac-abdf-4027-b8da-eb20c33a7f4a,category,37,"Mozilla/5.0 (iPod; U; CPU iPhone OS 3_2 like Mac OS X; kw-GB) AppleWebKit/535.48.5 (KHTML, like Gecko) Version/4.0.5 Mobile/8B118 Safari/6535.48.5","Mozilla/5.0 (Windows; U; Windows 98; Win 9x 4.90) AppleWebKit/533.17.7 (KHTML, like Gecko) Version/5.1 Safari/533.17.7","Mozilla/5.0 (Macintosh; U; Intel Mac OS X 10_9_3 rv:3.0; bem-ZM) AppleWebKit/533.2.3 (KHTML, like Gecko) Version/4.1 Safari/533.2.3",http://www.bates-conley.com/,26/6/2020,Lake Johnmouth,40
db28bf94-3f93-4587-bc61-2b2ef83e0ee7,4f799bee-9c70-4478-b253-425351e03b52,main,57,"Mozilla/5.0 (Windows; U; Windows 98) AppleWebKit/533.40.5 (KHTML, like Gecko) Version/5.0 Safari/533.40.5",Opera/8.90.(X11; Linux i686; ve-ZA) Presto/2.9.177 Version/11.00,Opera/8.57.(X11; Linux i686; da-DK) Presto/2.9.162 Version/12.00,http://levy-becker.com/main.html,25/3/2023,Pollardport,24
91ed0696-6ffe-4d78-9508-5f1b3a6008e7,f85843d8-80f1-4ddd-8ea6-fdf6067d77b1,faq,27,Mozilla/5.0 (compatible; MSIE 9.0; Windows NT 5.0; Trident/5.0),Mozilla/5.0 (Macintosh; U; Intel Mac OS X 10_6_0; rv:1.9.4.20) Gecko/2016-01-22 11:57:11 Firefox/3.8,"Mozilla/5.0 (Windows NT 6.2) AppleWebKit/535.0 (KHTML, like Gecko) Chrome/48.0.896.0 Safari/535.0",https://www.carter.info/tag/search/privacy.htm,22/10/2023,South Melissachester,15
77163e38-47bc-4a4d-8614-c8b1036639e1,882bb8d0-a257-4635-83fb-329cf38db6a7,register,45,Mozilla/5.0 (compatible; MSIE 7.0; Windows NT 10.0; Trident/5.1),Opera/8.62.(Windows NT 10.0; bho-IN) Presto/2.9.175 Version/12.00,"Mozilla/5.0 (iPad; CPU iPad OS 10_3_4 like Mac OS X) AppleWebKit/531.1 (KHTML, like Gecko) FxiOS/16.4o2063.0 Mobile/31C458 Safari/531.1",http://gonzalez.net/,28/12/2020,North Troy,36
1d7846dc-95ef-4ef0-83cb-b93d1bcd87b4,039d3059-5f13-445a-a728-09dff23eb851,post,60,Mozilla/5.0 (X11; Linux x86_64; rv:1.9.7.20) Gecko/2016-10-05 11:15:24 Firefox/3.6.8,Mozilla/5.0 (compatible; MSIE 8.0; Windows NT 5.0; Trident/3.0),Mozilla/5.0 (compatible; MSIE 7.0; Windows 98; Win 9x 4.90; Trident/5.1),http://hill.org/,17/6/2023,Ashleyview,55
fd872449-04d6-4261-8093-3e92036c2fa6,3ae7c826-747e-431d-b7a4-f9b4e46d03fe,search,53,"Mozilla/5.0 (iPhone; CPU iPhone OS 14_2 like Mac OS X) AppleWebKit/536.2 (KHTML, like Gecko) FxiOS/15.8m0551.0 Mobile/37Y364 Safari/536.2",Opera/8.15.(Windows NT 6.2; ta-IN) Presto/2.9.167 Version/10.00,Opera/8.80.(Windows 95; om-ET) Presto/2.9.178 Version/12.00,https://kennedy.org/,24/2/2021,Nunezmouth,5
d26d3be2-ac46-4db3-923b-fb806bdcc426,0c4c31aa-167d-48f6-90be-9ddd83f87ef7,faq,59,Opera/8.55.(Windows NT 6.0; sd-IN) Presto/2.9.181 Version/12.00,Mozilla/5.0 (compatible; MSIE 9.0; Windows NT 5.01; Trident/4.1),Opera/9.33.(Windows NT 4.0; gu-IN) Presto/2.9.163 Version/10.00,https://anderson-riley.biz/tag/main/category/search/,17/3/2020,Lake Christophermouth,38
033306db-52a7-4f93-b5a5-06e076c6aab2,4947e037-97d2-4bf3-8a9b-a8a0b91dc0c2,home,47,Opera/8.59.(X11; Linux x86_64; the-NP) Presto/2.9.161 Version/10.00,Opera/8.89.(Windows 98; Win 9x 4.90; doi-IN) Presto/2.9.186 Version/12.00,Mozilla/5.0 (compatible; MSIE 8.0; Windows NT 5.2; Trident/5.1),http://small.com/main/main/faq.html,14/9/2023,Port Michellemouth,71
e295e7d5-5620-4f45-9dac-e00586fbfc5b,df66eefc-04a7-49c0-8409-fafe4c28ec0b,about,47,"Mozilla/5.0 (Linux; Android 4.1) AppleWebKit/532.2 (KHTML, like Gecko) Chrome/60.0.882.0 Safari/532.2",Mozilla/5.0 (Windows NT 4.0; am-ET; rv:1.9.0.20) Gecko/2024-02-14 18:02:24 Firefox/3.6.5,"Mozilla/5.0 (Linux; Android 8.0.0) AppleWebKit/535.1 (KHTML, like Gecko) Chrome/18.0.884.0 Safari/535.1",http://www.harris-brown.com/wp-content/explore/main.htm,19/4/2023,North Donnaport,35
178d44b0-1e0c-4e2a-909e-6de1d019010e,e1b3a6c9-39b3-41be-bdd5-25c42c6698d3,about,11,"Mozilla/5.0 (iPod; U; CPU iPhone OS 4_0 like Mac OS X; bem-ZM) AppleWebKit/531.27.4 (KHTML, like Gecko) Version/4.0.5 Mobile/8B117 Safari/6531.27.4","Mozilla/5.0 (iPod; U; CPU iPhone OS 3_3 like Mac OS X; de-DE) AppleWebKit/535.3.7 (KHTML, like Gecko) Version/4.0.5 Mobile/8B113 Safari/6535.3.7",Mozilla/5.0 (compatible; MSIE 6.0; Windows NT 6.2; Trident/4.1),https://rogers.com/index.php,22/1/2022,Valdezberg,37
be1a592c-93df-4166-82a4-30da94461c8f,be55177a-4107-4845-bee3-e5fa7ea754a9,home,30,"Mozilla/5.0 (Macintosh; Intel Mac OS X 10_8_7 rv:3.0; gu-IN) AppleWebKit/532.25.4 (KHTML, like Gecko) Version/4.0.5 Safari/532.25.4",Mozilla/5.0 (Macintosh; Intel Mac OS X 10_8_7; rv:1.9.3.20) Gecko/2014-12-31 14:56:13 Firefox/3.8,"Mozilla/5.0 (Windows; U; Windows 95) AppleWebKit/535.17.2 (KHTML, like Gecko) Version/5.0.5 Safari/535.17.2",http://www.curtis.net/home/,24/8/2023,Hollyhaven,30
b2d90143-6e55-4629-8939-912ea6464fe1,fcacb166-9f21-4e81-a52c-dd71c6b98ff8,terms,54,Mozilla/5.0 (compatible; MSIE 5.0; Windows 98; Win 9x 4.90; Trident/3.0),Opera/9.61.(Windows 95; bho-IN) Presto/2.9.162 Version/11.00,Mozilla/5.0 (Android 4.0.3; Mobile; rv:53.0) Gecko/53.0 Firefox/53.0,http://mills-gomez.net/tag/wp-content/register/,30/10/2022,Kellyfort,43
aa843230-b251-4fec-aeb7-9b7f0e029471,a776661a-1720-4e14-9f10-63e8cbbce941,homepage,60,Mozilla/5.0 (Macintosh; PPC Mac OS X 10_8_7; rv:1.9.2.20) Gecko/2012-11-22 14:38:58 Firefox/14.0,"Mozilla/5.0 (iPad; CPU iPad OS 10_3_4 like Mac OS X) AppleWebKit/533.0 (KHTML, like Gecko) FxiOS/9.4h4436.0 Mobile/83Q217 Safari/533.0","Mozilla/5.0 (Linux; Android 4.4) AppleWebKit/535.0 (KHTML, like Gecko) Chrome/28.0.800.0 Safari/535.0",https://www.patrick-snyder.org/app/explore/tag/terms/,11/8/2021,Fischerton,64
a47a68d1-9402-402a-be62-a32f740711d4,b8fc881f-0b41-4665-80cb-7b4a56f8cff3,index,53,Opera/8.29.(Windows NT 10.0; zh-CN) Presto/2.9.178 Version/11.00,Mozilla/5.0 (X11; Linux i686; rv:1.9.5.20) Gecko/2023-07-04 22:33:25 Firefox/7.0,Opera/8.65.(Windows NT 6.2; ckb-IQ) Presto/2.9.181 Version/10.00,http://park-nunez.biz/,18/12/2023,Port Scott,62
25760e78-3ef4-4ef2-b34e-0b72a0c8604f,93dde3e6-d7cf-4da1-a7d4-4db4da4ec728,terms,25,"Mozilla/5.0 (Macintosh; Intel Mac OS X 10_6_0) AppleWebKit/531.2 (KHTML, like Gecko) Chrome/13.0.841.0 Safari/531.2","Mozilla/5.0 (iPod; U; CPU iPhone OS 3_0 like Mac OS X; brx-IN) AppleWebKit/535.15.4 (KHTML, like Gecko) Version/4.0.5 Mobile/8B111 Safari/6535.15.4","Mozilla/5.0 (iPad; CPU iPad OS 12_4_8 like Mac OS X) AppleWebKit/534.2 (KHTML, like Gecko) FxiOS/11.5w9266.0 Mobile/91F515 Safari/534.2",http://gregory.com/explore/explore/about/,8/2/2024,New Robert,27
7f8895a0-393f-4919-aa22-4dde51952ef0,e442ece6-a6fc-4457-87c9-9a5fd5854c9b,homepage,54,Mozilla/5.0 (Macintosh; PPC Mac OS X 10_7_3; rv:1.9.4.20) Gecko/2015-07-11 19:03:31 Firefox/12.0,Mozilla/5.0 (X11; Linux x86_64; rv:1.9.5.20) Gecko/2020-02-06 01:21:55 Firefox/11.0,Mozilla/5.0 (compatible; MSIE 8.0; Windows 98; Trident/3.1),https://www.graham.com/blog/tag/search/,3/4/2022,West Brandy,84
ce6fdc1a-8251-4824-8c6c-630f3d371dde,34d6355c-7ed0-4cd3-b6ce-c4bb81c2f453,category,14,"Mozilla/5.0 (Macintosh; U; PPC Mac OS X 10_12_4) AppleWebKit/532.2 (KHTML, like Gecko) Chrome/55.0.842.0 Safari/532.2",Opera/8.93.(X11; Linux x86_64; brx-IN) Presto/2.9.168 Version/12.00,"Mozilla/5.0 (Windows; U; Windows NT 5.0) AppleWebKit/532.21.1 (KHTML, like Gecko) Version/5.0.5 Safari/532.21.1",https://www.jenkins.biz/search/explore/home/,22/11/2020,Lake Caroline,71
